entity_id,type,payment_id,order_id,settlement_id,settlement_utr,amount,debit,credit,fee,tax,settled_at,description
setl_865979_000000,payment,pay_216739_000000,order_126225_000000,batch_706658_000000,UTR202401033913368,42098,0,41205,757,136,2024-01-03T22:43:00,Payment settlement for pay_216739_000000
setl_954845_000001,payment,pay_246316_000001,order_872246_000001,batch_706658_000000,UTR202401033913368,888323,0,869456,15989,2878,2024-01-03T22:43:00,Payment settlement for pay_246316_000001
setl_234618_000002,payment,pay_671858_000002,order_191161_000002,batch_706658_000000,UTR202401033913368,116663,0,114187,2099,377,2024-01-03T22:43:00,Payment settlement for pay_671858_000002
setl_208584_000003,payment,pay_198246_000003,order_329258_000003,batch_706658_000000,UTR202401033913368,415631,0,406804,7481,1346,2024-01-03T22:43:00,Payment settlement for pay_198246_000003
setl_506224_000004,payment,pay_688508_000004,order_308496_000004,batch_706658_000000,UTR202401033913368,467696,0,457763,8418,1515,2024-01-03T22:43:00,Payment settlement for pay_688508_000004
setl_789461_000005,payment,pay_539898_000005,order_331148_000005,batch_706658_000000,UTR202401033913368,245852,0,240631,4425,796,2024-01-03T22:43:00,Payment settlement for pay_539898_000005
setl_729718_000006,payment,pay_106814_000006,order_895667_000006,batch_706658_000000,UTR202401033913368,65392,0,64004,1177,211,2024-01-03T22:43:00,Payment settlement for pay_106814_000006
setl_735605_000007,payment,pay_391369_000007,order_263032_000007,batch_706658_000000,UTR202401033913368,676472,0,662105,12176,2191,2024-01-03T22:43:00,Payment settlement for pay_391369_000007
setl_437477_000008,payment,pay_197251_000008,order_498382_000008,batch_706658_000000,UTR202401033913368,55082,0,53913,991,178,2024-01-03T22:43:00,Payment settlement for pay_197251_000008
setl_628597_000009,payment,pay_377370_000009,order_946335_000009,batch_706658_000000,UTR202401033913368,740870,0,725135,13335,2400,2024-01-03T22:43:00,Payment settlement for pay_377370_000009
setl_503348_000010,payment,pay_230889_000010,order_496922_000010,batch_706658_000000,UTR202401033913368,253709,0,248322,4566,821,2024-01-03T22:43:00,Payment settlement for pay_230889_000010
setl_539001_000011,payment,pay_759176_000011,order_748564_000011,batch_706658_000000,UTR202401033913368,200814,0,196550,3614,650,2024-01-03T22:43:00,Payment settlement for pay_759176_000011
setl_738576_000012,payment,pay_172933_000012,order_148050_000012,batch_706658_000000,UTR202401033913368,47930,0,46913,862,155,2024-01-03T22:43:00,Payment settlement for pay_172933_000012
setl_826155_000013,payment,pay_996865_000013,order_344098_000013,batch_706658_000000,UTR202401033913368,46434,0,45449,835,150,2024-01-03T22:43:00,Payment settlement for pay_996865_000013
setl_899407_000014,payment,pay_766563_000014,order_974628_000014,batch_706658_000000,UTR202401033913368,58520,0,57278,1053,189,2024-01-03T22:43:00,Payment settlement for pay_766563_000014
setl_360297_000015,payment,pay_319684_000015,order_802729_000015,batch_706658_000000,UTR202401033913368,991076,0,970026,17839,3211,2024-01-03T22:43:00,Payment settlement for pay_319684_000015
setl_386886_000016,payment,pay_779514_000016,order_174870_000016,batch_706658_000000,UTR202401033913368,189725,0,185696,3415,614,2024-01-03T22:43:00,Payment settlement for pay_779514_000016
setl_517196_000017,payment,pay_864544_000017,order_356702_000017,batch_706658_000000,UTR202401033913368,298943,0,292595,5380,968,2024-01-03T22:43:00,Payment settlement for pay_864544_000017
setl_459513_000018,payment,pay_771088_000018,order_821590_000018,batch_706658_000000,UTR202401033913368,99733,0,97615,1795,323,2024-01-03T22:43:00,Payment settlement for pay_771088_000018
setl_408463_000019,payment,pay_983794_000019,order_905635_000019,batch_706658_000000,UTR202401033913368,40021,0,39172,720,129,2024-01-03T22:43:00,Payment settlement for pay_983794_000019
setl_574843_000020,payment,pay_133659_000020,order_944151_000020,batch_706658_000000,UTR202401033913368,240373,0,235269,4326,778,2024-01-03T22:43:00,Payment settlement for pay_133659_000020
setl_943890_000021,payment,pay_321231_000021,order_694731_000021,batch_706658_000000,UTR202401033913368,37869,0,37066,681,122,2024-01-03T22:43:00,Payment settlement for pay_321231_000021
setl_239850_000022,payment,pay_623481_000022,order_514850_000022,batch_706658_000000,UTR202401033913368,174905,0,171191,3148,566,2024-01-03T22:43:00,Payment settlement for pay_623481_000022
setl_244892_000023,payment,pay_246413_000023,order_358607_000023,batch_706658_000000,UTR202401033913368,382579,0,374454,6886,1239,2024-01-03T22:43:00,Payment settlement for pay_246413_000023
setl_532794_000024,payment,pay_883300_000024,order_712982_000024,batch_706658_000000,UTR202401033913368,309400,0,302829,5569,1002,2024-01-03T22:43:00,Payment settlement for pay_883300_000024
setl_731792_000025,payment,pay_329974_000025,order_245051_000025,batch_706658_000000,UTR202401033913368,147662,0,144527,2657,478,2024-01-03T22:43:00,Payment settlement for pay_329974_000025
setl_834018_000026,payment,pay_149405_000026,order_214975_000026,batch_706658_000000,UTR202401033913368,183876,0,179972,3309,595,2024-01-03T22:43:00,Payment settlement for pay_149405_000026
setl_884782_000027,payment,pay_813536_000027,order_542666_000027,batch_706658_000000,UTR202401033913368,60432,0,59150,1087,195,2024-01-03T22:43:00,Payment settlement for pay_813536_000027
setl_637179_000028,payment,pay_724834_000028,order_590785_000028,batch_706658_000000,UTR202401033913368,82512,0,80760,1485,267,2024-01-03T22:43:00,Payment settlement for pay_724834_000028
setl_413433_000029,payment,pay_112038_000029,order_813328_000029,batch_706658_000000,UTR202401033913368,99353,0,97244,1788,321,2024-01-03T22:43:00,Payment settlement for pay_112038_000029
setl_984027_000030,payment,pay_663054_000030,order_887352_000030,batch_706658_000000,UTR202401033913368,836048,0,818292,15048,2708,2024-01-03T22:43:00,Payment settlement for pay_663054_000030
setl_835570_000031,payment,pay_216970_000031,order_407757_000031,batch_706658_000000,UTR202401033913368,69470,0,67995,1250,225,2024-01-03T22:43:00,Payment settlement for pay_216970_000031
setl_674416_000032,payment,pay_857168_000032,order_854639_000032,batch_706658_000000,UTR202401033913368,499487,0,488879,8990,1618,2024-01-03T22:43:00,Payment settlement for pay_857168_000032
setl_429159_000033,payment,pay_632342_000033,order_211579_000033,batch_706658_000000,UTR202401033913368,93748,0,91758,1687,303,2024-01-03T22:43:00,Payment settlement for pay_632342_000033
setl_846454_000034,payment,pay_738551_000034,order_308573_000034,batch_706658_000000,UTR202401033913368,31174,0,30513,561,100,2024-01-03T22:43:00,Payment settlement for pay_738551_000034
setl_872610_000035,payment,pay_916449_000035,order_656116_000035,batch_706658_000000,UTR202401033913368,269951,0,264218,4859,874,2024-01-03T22:43:00,Payment settlement for pay_916449_000035
setl_680472_000036,payment,pay_120422_000036,order_217301_000036,batch_706658_000000,UTR202401033913368,41385,0,40508,744,133,2024-01-03T22:43:00,Payment settlement for pay_120422_000036
setl_763311_000037,payment,pay_352572_000037,order_694916_000037,batch_706658_000000,UTR202401033913368,73699,0,72135,1326,238,2024-01-03T22:43:00,Payment settlement for pay_352572_000037
setl_327900_000038,payment,pay_172574_000038,order_897549_000038,batch_706658_000000,UTR202401033913368,565934,0,553915,10186,1833,2024-01-03T22:43:00,Payment settlement for pay_172574_000038
setl_310647_000039,payment,pay_791798_000039,order_598369_000039,batch_706658_000000,UTR202401033913368,44741,0,43792,805,144,2024-01-03T22:43:00,Payment settlement for pay_791798_000039
setl_319899_000040,payment,pay_736059_000040,order_543692_000040,batch_706658_000000,UTR202401033913368,495976,0,485443,8927,1606,2024-01-03T22:43:00,Payment settlement for pay_736059_000040
setl_754487_000041,payment,pay_823378_000041,order_310922_000041,batch_706658_000000,UTR202401033913368,62296,0,60974,1121,201,2024-01-03T22:43:00,Payment settlement for pay_823378_000041
setl_849086_000042,payment,pay_781446_000042,order_491559_000042,batch_706658_000000,UTR202401033913368,336708,0,329558,6060,1090,2024-01-03T22:43:00,Payment settlement for pay_781446_000042
setl_404694_000043,payment,pay_359947_000043,order_335612_000043,batch_706658_000000,UTR202401033913368,12757,0,12487,229,41,2024-01-03T22:43:00,Payment settlement for pay_359947_000043
setl_819964_000044,payment,pay_680828_000044,order_341292_000044,batch_706658_000000,UTR202401033913368,10942,0,10711,196,35,2024-01-03T22:43:00,Payment settlement for pay_680828_000044
setl_462066_000045,payment,pay_842225_000045,order_761759_000045,batch_706658_000000,UTR202401033913368,18834,0,18434,339,61,2024-01-03T22:43:00,Payment settlement for pay_842225_000045
setl_805034_000046,payment,pay_132938_000046,order_446479_000046,batch_706658_000000,UTR202401033913368,224782,0,220008,4046,728,2024-01-03T22:43:00,Payment settlement for pay_132938_000046
setl_239116_000047,payment,pay_801474_000047,order_608993_000047,batch_706658_000000,UTR202401033913368,169369,0,165773,3048,548,2024-01-03T22:43:00,Payment settlement for pay_801474_000047
setl_844904_000048,payment,pay_698782_000048,order_704201_000048,batch_706658_000000,UTR202401033913368,71993,0,70465,1295,233,2024-01-03T22:43:00,Payment settlement for pay_698782_000048
setl_781664_000049,payment,pay_526833_000049,order_299659_000049,batch_706658_000000,UTR202401033913368,96374,0,94328,1734,312,2024-01-03T22:43:00,Payment settlement for pay_526833_000049
setl_711116_000050,payment,pay_471507_000050,order_544154_000050,batch_469348_000001,UTR202401059059269,482245,0,472003,8680,1562,2024-01-05T10:44:00,Payment settlement for pay_471507_000050
setl_698357_000051,payment,pay_806073_000051,order_785197_000051,batch_469348_000001,UTR202401059059269,17944,0,17565,322,57,2024-01-05T10:44:00,Payment settlement for pay_806073_000051
setl_799565_000052,payment,pay_863587_000052,order_455784_000052,batch_469348_000001,UTR202401059059269,42591,0,41688,766,137,2024-01-05T10:44:00,Payment settlement for pay_863587_000052
setl_844618_000053,payment,pay_299448_000053,order_662336_000053,batch_469348_000001,UTR202401059059269,65296,0,63910,1175,211,2024-01-05T10:44:00,Payment settlement for pay_299448_000053
setl_537757_000054,payment,pay_392075_000054,order_585100_000054,batch_469348_000001,UTR202401059059269,68082,0,66637,1225,220,2024-01-05T10:44:00,Payment settlement for pay_392075_000054
setl_806995_000055,payment,pay_997546_000055,order_677057_000055,batch_469348_000001,UTR202401059059269,95477,0,93450,1718,309,2024-01-05T10:44:00,Payment settlement for pay_997546_000055
setl_884197_000056,payment,pay_976638_000056,order_115474_000056,batch_469348_000001,UTR202401059059269,944960,0,924890,17009,3061,2024-01-05T10:44:00,Payment settlement for pay_976638_000056
setl_982260_000057,payment,pay_274389_000057,order_526156_000057,batch_469348_000001,UTR202401059059269,212065,0,207561,3817,687,2024-01-05T10:44:00,Payment settlement for pay_274389_000057
setl_659837_000058,payment,pay_520521_000058,order_161483_000058,batch_469348_000001,UTR202401059059269,10282,0,10064,185,33,2024-01-05T10:44:00,Payment settlement for pay_520521_000058
setl_399817_000059,payment,pay_378085_000059,order_922157_000059,batch_469348_000001,UTR202401059059269,249552,0,244253,4491,808,2024-01-05T10:44:00,Payment settlement for pay_378085_000059
setl_988459_000060,payment,pay_830429_000060,order_865990_000060,batch_469348_000001,UTR202401059059269,447011,0,437517,8046,1448,2024-01-05T10:44:00,Payment settlement for pay_830429_000060
setl_542904_000061,payment,pay_610311_000061,order_262316_000061,batch_469348_000001,UTR202401059059269,38534,0,37717,693,124,2024-01-05T10:44:00,Payment settlement for pay_610311_000061
setl_947568_000062,payment,pay_707314_000062,order_871476_000062,batch_469348_000001,UTR202401059059269,51104,0,50020,919,165,2024-01-05T10:44:00,Payment settlement for pay_707314_000062
setl_113390_000063,payment,pay_152578_000063,order_712554_000063,batch_469348_000001,UTR202401059059269,378463,0,370425,6812,1226,2024-01-05T10:44:00,Payment settlement for pay_152578_000063
setl_648122_000064,payment,pay_159642_000064,order_632496_000064,batch_469348_000001,UTR202401059059269,18981,0,18579,341,61,2024-01-05T10:44:00,Payment settlement for pay_159642_000064
setl_211642_000065,payment,pay_171262_000065,order_808011_000065,batch_469348_000001,UTR202401059059269,162855,0,159397,2931,527,2024-01-05T10:44:00,Payment settlement for pay_171262_000065
setl_126499_000066,payment,pay_697347_000066,order_358175_000066,batch_469348_000001,UTR202401059059269,120836,0,118270,2175,391,2024-01-05T10:44:00,Payment settlement for pay_697347_000066
setl_499371_000067,payment,pay_185965_000067,order_539589_000067,batch_469348_000001,UTR202401059059269,396341,0,387923,7134,1284,2024-01-05T10:44:00,Payment settlement for pay_185965_000067
setl_252386_000068,payment,pay_431737_000068,order_373432_000068,batch_469348_000001,UTR202401059059269,875490,0,856896,15758,2836,2024-01-05T10:44:00,Payment settlement for pay_431737_000068
setl_155642_000069,payment,pay_350280_000069,order_378517_000069,batch_469348_000001,UTR202401059059269,98039,0,95958,1764,317,2024-01-05T10:44:00,Payment settlement for pay_350280_000069
setl_802812_000070,payment,pay_414569_000070,order_579434_000070,batch_469348_000001,UTR202401059059269,990594,0,969555,17830,3209,2024-01-05T10:44:00,Payment settlement for pay_414569_000070
setl_159354_000071,payment,pay_109767_000071,order_580547_000071,batch_469348_000001,UTR202401059059269,152418,0,149182,2743,493,2024-01-05T10:44:00,Payment settlement for pay_109767_000071
setl_309612_000072,payment,pay_663750_000072,order_323508_000072,batch_469348_000001,UTR202401059059269,27361,0,26781,492,88,2024-01-05T10:44:00,Payment settlement for pay_663750_000072
setl_379947_000073,payment,pay_465962_000073,order_172132_000073,batch_469348_000001,UTR202401059059269,47353,0,46348,852,153,2024-01-05T10:44:00,Payment settlement for pay_465962_000073
setl_886626_000074,payment,pay_559469_000074,order_974244_000074,batch_469348_000001,UTR202401059059269,658606,0,644619,11854,2133,2024-01-05T10:44:00,Payment settlement for pay_559469_000074
setl_923690_000075,payment,pay_946305_000075,order_785743_000075,batch_469348_000001,UTR202401059059269,97538,0,95468,1755,315,2024-01-05T10:44:00,Payment settlement for pay_946305_000075
setl_268752_000076,payment,pay_681542_000076,order_413921_000076,batch_469348_000001,UTR202401059059269,27601,0,27016,496,89,2024-01-05T10:44:00,Payment settlement for pay_681542_000076
setl_400538_000077,payment,pay_221035_000077,order_212235_000077,batch_469348_000001,UTR202401059059269,181499,0,177646,3266,587,2024-01-05T10:44:00,Payment settlement for pay_221035_000077
setl_816586_000078,payment,pay_395442_000078,order_734210_000078,batch_469348_000001,UTR202401059059269,679768,0,665331,12235,2202,2024-01-05T10:44:00,Payment settlement for pay_395442_000078
setl_362732_000079,payment,pay_820892_000079,order_765046_000079,batch_469348_000001,UTR202401059059269,76244,0,74626,1372,246,2024-01-05T10:44:00,Payment settlement for pay_820892_000079
setl_253541_000080,payment,pay_363319_000080,order_987204_000080,batch_469348_000001,UTR202401059059269,93136,0,91159,1676,301,2024-01-05T10:44:00,Payment settlement for pay_363319_000080
setl_980155_000081,payment,pay_969634_000081,order_390120_000081,batch_469348_000001,UTR202401059059269,53719,0,52580,966,173,2024-01-05T10:44:00,Payment settlement for pay_969634_000081
setl_165046_000082,payment,pay_237174_000082,order_768061_000082,batch_469348_000001,UTR202401059059269,67912,0,66471,1222,219,2024-01-05T10:44:00,Payment settlement for pay_237174_000082
setl_824141_000083,payment,pay_839945_000083,order_548462_000083,batch_469348_000001,UTR202401059059269,24663,0,24141,443,79,2024-01-05T10:44:00,Payment settlement for pay_839945_000083
setl_922458_000084,payment,pay_824586_000084,order_256294_000084,batch_469348_000001,UTR202401059059269,58393,0,57153,1051,189,2024-01-05T10:44:00,Payment settlement for pay_824586_000084
setl_409477_000085,payment,pay_679364_000085,order_255287_000085,batch_469348_000001,UTR202401059059269,15482,0,15154,278,50,2024-01-05T10:44:00,Payment settlement for pay_679364_000085
setl_313910_000086,payment,pay_482364_000086,order_934794_000086,batch_469348_000001,UTR202401059059269,37535,0,36739,675,121,2024-01-05T10:44:00,Payment settlement for pay_482364_000086
setl_890200_000087,payment,pay_361650_000087,order_799330_000087,batch_469348_000001,UTR202401059059269,83385,0,81615,1500,270,2024-01-05T10:44:00,Payment settlement for pay_361650_000087
setl_667460_000088,payment,pay_526117_000088,order_750810_000088,batch_469348_000001,UTR202401059059269,41029,0,40159,738,132,2024-01-05T10:44:00,Payment settlement for pay_526117_000088
setl_133875_000089,payment,pay_270395_000089,order_938742_000089,batch_469348_000001,UTR202401059059269,64040,0,62681,1152,207,2024-01-05T10:44:00,Payment settlement for pay_270395_000089
setl_476105_000090,payment,pay_288073_000090,order_872343_000090,batch_469348_000001,UTR202401059059269,451224,0,441641,8122,1461,2024-01-05T10:44:00,Payment settlement for pay_288073_000090
setl_953568_000091,payment,pay_870763_000091,order_950132_000091,batch_469348_000001,UTR202401059059269,30866,0,30212,555,99,2024-01-05T10:44:00,Payment settlement for pay_870763_000091
setl_574579_000092,payment,pay_835343_000092,order_213346_000092,batch_469348_000001,UTR202401059059269,71694,0,70172,1290,232,2024-01-05T10:44:00,Payment settlement for pay_835343_000092
setl_207458_000093,payment,pay_309267_000093,order_956253_000093,batch_469348_000001,UTR202401059059269,50001,0,48939,900,162,2024-01-05T10:44:00,Payment settlement for pay_309267_000093
setl_746036_000094,payment,pay_933980_000094,order_338651_000094,batch_469348_000001,UTR202401059059269,96511,0,94462,1737,312,2024-01-05T10:44:00,Payment settlement for pay_933980_000094
setl_808340_000095,payment,pay_517821_000095,order_444207_000095,batch_469348_000001,UTR202401059059269,46585,0,45597,838,150,2024-01-05T10:44:00,Payment settlement for pay_517821_000095
setl_875414_000096,payment,pay_772642_000096,order_634150_000096,batch_469348_000001,UTR202401059059269,942321,0,922308,16961,3052,2024-01-05T10:44:00,Payment settlement for pay_772642_000096
setl_689179_000097,payment,pay_447235_000097,order_128941_000097,batch_469348_000001,UTR202401059059269,33405,0,32696,601,108,2024-01-05T10:44:00,Payment settlement for pay_447235_000097
setl_335203_000098,payment,pay_378361_000098,order_140115_000098,batch_469348_000001,UTR202401059059269,327836,0,320873,5901,1062,2024-01-05T10:44:00,Payment settlement for pay_378361_000098
setl_878476_000099,payment,pay_863934_000099,order_924629_000099,batch_469348_000001,UTR202401059059269,417828,0,408955,7520,1353,2024-01-05T10:44:00,Payment settlement for pay_863934_000099
setl_826596_000100,payment,pay_221263_000100,order_503906_000100,batch_922405_000002,UTR202401065825775,43386,0,42466,780,140,2024-01-06T19:38:00,Payment settlement for pay_221263_000100
setl_796772_000101,payment,pay_843215_000101,order_557239_000101,batch_922405_000002,UTR202401065825775,382303,0,374184,6881,1238,2024-01-06T19:38:00,Payment settlement for pay_843215_000101
setl_149261_000102,payment,pay_854377_000102,order_877991_000102,batch_922405_000002,UTR202401065825775,603303,0,590490,10859,1954,2024-01-06T19:38:00,Payment settlement for pay_854377_000102
setl_500118_000103,payment,pay_552248_000103,order_173372_000103,batch_922405_000002,UTR202401065825775,91678,0,89731,1650,297,2024-01-06T19:38:00,Payment settlement for pay_552248_000103
setl_506380_000104,payment,pay_795612_000104,order_989208_000104,batch_922405_000002,UTR202401065825775,971883,0,951242,17493,3148,2024-01-06T19:38:00,Payment settlement for pay_795612_000104
setl_536801_000105,payment,pay_631756_000105,order_424308_000105,batch_922405_000002,UTR202401065825775,271013,0,265257,4878,878,2024-01-06T19:38:00,Payment settlement for pay_631756_000105
setl_926394_000106,payment,pay_831076_000106,order_410016_000106,batch_922405_000002,UTR202401065825775,35144,0,34399,632,113,2024-01-06T19:38:00,Payment settlement for pay_831076_000106
setl_818430_000107,payment,pay_797229_000107,order_497562_000107,batch_922405_000002,UTR202401065825775,973330,0,952658,17519,3153,2024-01-06T19:38:00,Payment settlement for pay_797229_000107
setl_427841_000108,payment,pay_745414_000108,order_696750_000108,batch_922405_000002,UTR202401065825775,387276,0,379052,6970,1254,2024-01-06T19:38:00,Payment settlement for pay_745414_000108
setl_678944_000109,payment,pay_100425_000109,order_418635_000109,batch_922405_000002,UTR202401065825775,66346,0,64938,1194,214,2024-01-06T19:38:00,Payment settlement for pay_100425_000109
setl_156415_000110,payment,pay_708158_000110,order_736130_000110,batch_922405_000002,UTR202401065825775,70946,0,69440,1277,229,2024-01-06T19:38:00,Payment settlement for pay_708158_000110
setl_113595_000111,payment,pay_563638_000111,order_808446_000111,batch_922405_000002,UTR202401065825775,348085,0,340693,6265,1127,2024-01-06T19:38:00,Payment settlement for pay_563638_000111
setl_879794_000112,payment,pay_934692_000112,order_871711_000112,batch_922405_000002,UTR202401065825775,144457,0,141389,2600,468,2024-01-06T19:38:00,Payment settlement for pay_934692_000112
setl_363550_000113,payment,pay_640490_000113,order_796101_000113,batch_922405_000002,UTR202401065825775,275735,0,269879,4963,893,2024-01-06T19:38:00,Payment settlement for pay_640490_000113
setl_312952_000114,payment,pay_958179_000114,order_887625_000114,batch_922405_000002,UTR202401065825775,662749,0,648673,11929,2147,2024-01-06T19:38:00,Payment settlement for pay_958179_000114
setl_750706_000115,payment,pay_945742_000115,order_308802_000115,batch_922405_000002,UTR202401065825775,16057,0,15716,289,52,2024-01-06T19:38:00,Payment settlement for pay_945742_000115
setl_918859_000116,payment,pay_598216_000116,order_740967_000116,batch_922405_000002,UTR202401065825775,538182,0,526752,9687,1743,2024-01-06T19:38:00,Payment settlement for pay_598216_000116
setl_564586_000117,payment,pay_534572_000117,order_760356_000117,batch_922405_000002,UTR202401065825775,60328,0,59048,1085,195,2024-01-06T19:38:00,Payment settlement for pay_534572_000117
setl_970300_000118,payment,pay_519066_000118,order_355836_000118,batch_922405_000002,UTR202401065825775,460512,0,450731,8289,1492,2024-01-06T19:38:00,Payment settlement for pay_519066_000118
setl_336504_000119,payment,pay_887443_000119,order_907451_000119,batch_922405_000002,UTR202401065825775,722899,0,707545,13012,2342,2024-01-06T19:38:00,Payment settlement for pay_887443_000119
setl_764575_000120,payment,pay_284430_000120,order_943170_000120,batch_922405_000002,UTR202401065825775,343557,0,336260,6184,1113,2024-01-06T19:38:00,Payment settlement for pay_284430_000120
setl_838857_000121,payment,pay_684482_000121,order_361303_000121,batch_922405_000002,UTR202401065825775,69829,0,68347,1256,226,2024-01-06T19:38:00,Payment settlement for pay_684482_000121
setl_844012_000122,payment,pay_940346_000122,order_587213_000122,batch_922405_000002,UTR202401065825775,393037,0,384690,7074,1273,2024-01-06T19:38:00,Payment settlement for pay_940346_000122
setl_779091_000123,payment,pay_432711_000123,order_891937_000123,batch_922405_000002,UTR202401065825775,477106,0,466974,8587,1545,2024-01-06T19:38:00,Payment settlement for pay_432711_000123
setl_485604_000124,payment,pay_629298_000124,order_547470_000124,batch_922405_000002,UTR202401065825775,333787,0,326698,6008,1081,2024-01-06T19:38:00,Payment settlement for pay_629298_000124
setl_891787_000125,payment,pay_266889_000125,order_879779_000125,batch_922405_000002,UTR202401065825775,235891,0,230881,4246,764,2024-01-06T19:38:00,Payment settlement for pay_266889_000125
setl_716966_000126,payment,pay_359249_000126,order_980660_000126,batch_922405_000002,UTR202401065825775,78327,0,76665,1409,253,2024-01-06T19:38:00,Payment settlement for pay_359249_000126
setl_673167_000127,payment,pay_757193_000127,order_350867_000127,batch_922405_000002,UTR202401065825775,140623,0,137637,2531,455,2024-01-06T19:38:00,Payment settlement for pay_757193_000127
setl_874320_000128,payment,pay_399607_000128,order_345884_000128,batch_922405_000002,UTR202401065825775,51904,0,50802,934,168,2024-01-06T19:38:00,Payment settlement for pay_399607_000128
setl_732697_000129,payment,pay_666390_000129,order_184491_000129,batch_922405_000002,UTR202401065825775,40311,0,39456,725,130,2024-01-06T19:38:00,Payment settlement for pay_666390_000129
setl_306012_000130,payment,pay_827659_000130,order_260227_000130,batch_922405_000002,UTR202401065825775,18418,0,18028,331,59,2024-01-06T19:38:00,Payment settlement for pay_827659_000130
setl_913848_000131,payment,pay_527398_000131,order_446954_000131,batch_922405_000002,UTR202401065825775,317985,0,311232,5723,1030,2024-01-06T19:38:00,Payment settlement for pay_527398_000131
setl_860127_000132,payment,pay_316881_000132,order_973349_000132,batch_922405_000002,UTR202401065825775,86556,0,84718,1558,280,2024-01-06T19:38:00,Payment settlement for pay_316881_000132
setl_302897_000133,payment,pay_120480_000133,order_998348_000133,batch_922405_000002,UTR202401065825775,299429,0,293070,5389,970,2024-01-06T19:38:00,Payment settlement for pay_120480_000133
setl_408467_000134,payment,pay_106182_000134,order_468845_000134,batch_922405_000002,UTR202401065825775,704465,0,689503,12680,2282,2024-01-06T19:38:00,Payment settlement for pay_106182_000134
setl_570616_000135,payment,pay_976325_000135,order_539375_000135,batch_922405_000002,UTR202401065825775,885159,0,866360,15932,2867,2024-01-06T19:38:00,Payment settlement for pay_976325_000135
setl_286044_000136,payment,pay_938722_000136,order_732556_000136,batch_922405_000002,UTR202401065825775,215040,0,210474,3870,696,2024-01-06T19:38:00,Payment settlement for pay_938722_000136
setl_815819_000137,payment,pay_557007_000137,order_609232_000137,batch_922405_000002,UTR202401065825775,54057,0,52909,973,175,2024-01-06T19:38:00,Payment settlement for pay_557007_000137
setl_178086_000138,payment,pay_812131_000138,order_936912_000138,batch_922405_000002,UTR202401065825775,586530,0,574073,10557,1900,2024-01-06T19:38:00,Payment settlement for pay_812131_000138
setl_296059_000139,payment,pay_590094_000139,order_233827_000139,batch_922405_000002,UTR202401065825775,114138,0,111715,2054,369,2024-01-06T19:38:00,Payment settlement for pay_590094_000139
setl_282237_000140,payment,pay_513160_000140,order_720644_000140,batch_922405_000002,UTR202401065825775,114209,0,111785,2055,369,2024-01-06T19:38:00,Payment settlement for pay_513160_000140
setl_870786_000141,payment,pay_773971_000141,order_549433_000141,batch_922405_000002,UTR202401065825775,195278,0,191131,3515,632,2024-01-06T19:38:00,Payment settlement for pay_773971_000141
setl_638807_000142,payment,pay_372793_000142,order_497519_000142,batch_922405_000002,UTR202401065825775,69598,0,68121,1252,225,2024-01-06T19:38:00,Payment settlement for pay_372793_000142
setl_225151_000143,payment,pay_453894_000143,order_898207_000143,batch_922405_000002,UTR202401065825775,65255,0,63870,1174,211,2024-01-06T19:38:00,Payment settlement for pay_453894_000143
setl_495521_000144,payment,pay_975467_000144,order_185884_000144,batch_922405_000002,UTR202401065825775,80702,0,78989,1452,261,2024-01-06T19:38:00,Payment settlement for pay_975467_000144
setl_142608_000145,payment,pay_466960_000145,order_335113_000145,batch_922405_000002,UTR202401065825775,95426,0,93400,1717,309,2024-01-06T19:38:00,Payment settlement for pay_466960_000145
setl_549323_000146,payment,pay_890870_000146,order_132537_000146,batch_922405_000002,UTR202401065825775,12671,0,12402,228,41,2024-01-06T19:38:00,Payment settlement for pay_890870_000146
setl_392670_000147,payment,pay_259784_000147,order_350132_000147,batch_922405_000002,UTR202401065825775,450989,0,441411,8117,1461,2024-01-06T19:38:00,Payment settlement for pay_259784_000147
setl_683635_000148,payment,pay_691364_000148,order_328552_000148,batch_922405_000002,UTR202401065825775,634345,0,620872,11418,2055,2024-01-06T19:38:00,Payment settlement for pay_691364_000148
setl_377075_000149,payment,pay_486814_000149,order_275939_000149,batch_922405_000002,UTR202401065825775,492128,0,481676,8858,1594,2024-01-06T19:38:00,Payment settlement for pay_486814_000149
setl_844163_000150,payment,pay_220096_000150,order_915573_000150,batch_446620_000003,UTR202401088823741,50768,0,49691,913,164,2024-01-08T23:45:00,Payment settlement for pay_220096_000150
setl_262325_000151,payment,pay_706794_000151,order_126925_000151,batch_446620_000003,UTR202401088823741,455125,0,445459,8192,1474,2024-01-08T23:45:00,Payment settlement for pay_706794_000151
setl_141880_000152,payment,pay_493537_000152,order_515922_000152,batch_446620_000003,UTR202401088823741,19961,0,19538,359,64,2024-01-08T23:45:00,Payment settlement for pay_493537_000152
setl_261169_000153,payment,pay_824161_000153,order_970917_000153,batch_446620_000003,UTR202401088823741,23356,0,22861,420,75,2024-01-08T23:45:00,Payment settlement for pay_824161_000153
setl_438302_000154,payment,pay_910004_000154,order_416232_000154,batch_446620_000003,UTR202401088823741,814788,0,797483,14666,2639,2024-01-08T23:45:00,Payment settlement for pay_910004_000154
setl_725874_000155,payment,pay_226935_000155,order_934904_000155,batch_446620_000003,UTR202401088823741,55508,0,54330,999,179,2024-01-08T23:45:00,Payment settlement for pay_226935_000155
setl_153325_000156,payment,pay_549186_000156,order_793655_000156,batch_446620_000003,UTR202401088823741,76317,0,74697,1373,247,2024-01-08T23:45:00,Payment settlement for pay_549186_000156
setl_911242_000157,payment,pay_457806_000157,order_113266_000157,batch_446620_000003,UTR202401088823741,357006,0,349424,6426,1156,2024-01-08T23:45:00,Payment settlement for pay_457806_000157
setl_755744_000158,payment,pay_554582_000158,order_479781_000158,batch_446620_000003,UTR202401088823741,470833,0,460834,8474,1525,2024-01-08T23:45:00,Payment settlement for pay_554582_000158
setl_745512_000159,payment,pay_556641_000159,order_284692_000159,batch_446620_000003,UTR202401088823741,441027,0,431661,7938,1428,2024-01-08T23:45:00,Payment settlement for pay_556641_000159
setl_984096_000160,payment,pay_745830_000160,order_947458_000160,batch_446620_000003,UTR202401088823741,753491,0,737488,13562,2441,2024-01-08T23:45:00,Payment settlement for pay_745830_000160
setl_794042_000161,payment,pay_556732_000161,order_965845_000161,batch_446620_000003,UTR202401088823741,240716,0,235605,4332,779,2024-01-08T23:45:00,Payment settlement for pay_556732_000161
setl_415783_000162,payment,pay_993085_000162,order_357420_000162,batch_446620_000003,UTR202401088823741,46559,0,45571,838,150,2024-01-08T23:45:00,Payment settlement for pay_993085_000162
setl_614379_000163,payment,pay_572700_000163,order_355709_000163,batch_446620_000003,UTR202401088823741,398765,0,390297,7177,1291,2024-01-08T23:45:00,Payment settlement for pay_572700_000163
setl_928278_000164,payment,pay_800646_000164,order_497399_000164,batch_446620_000003,UTR202401088823741,74789,0,73201,1346,242,2024-01-08T23:45:00,Payment settlement for pay_800646_000164
setl_700495_000165,payment,pay_440802_000165,order_290672_000165,batch_446620_000003,UTR202401088823741,56507,0,55307,1017,183,2024-01-08T23:45:00,Payment settlement for pay_440802_000165
setl_676884_000166,payment,pay_370902_000166,order_456871_000166,batch_446620_000003,UTR202401088823741,467622,0,457690,8417,1515,2024-01-08T23:45:00,Payment settlement for pay_370902_000166
setl_475479_000167,payment,pay_389688_000167,order_682789_000167,batch_446620_000003,UTR202401088823741,200168,0,195917,3603,648,2024-01-08T23:45:00,Payment settlement for pay_389688_000167
setl_176421_000168,payment,pay_353080_000168,order_855053_000168,batch_446620_000003,UTR202401088823741,391072,0,382766,7039,1267,2024-01-08T23:45:00,Payment settlement for pay_353080_000168
setl_922116_000169,payment,pay_351997_000169,order_824156_000169,batch_446620_000003,UTR202401088823741,473210,0,463160,8517,1533,2024-01-08T23:45:00,Payment settlement for pay_351997_000169
setl_842057_000170,payment,pay_569945_000170,order_931450_000170,batch_446620_000003,UTR202401088823741,48566,0,47535,874,157,2024-01-08T23:45:00,Payment settlement for pay_569945_000170
setl_433299_000171,payment,pay_524045_000171,order_825391_000171,batch_446620_000003,UTR202401088823741,97026,0,94966,1746,314,2024-01-08T23:45:00,Payment settlement for pay_524045_000171
setl_650916_000172,payment,pay_486945_000172,order_596249_000172,batch_446620_000003,UTR202401088823741,280227,0,274276,5044,907,2024-01-08T23:45:00,Payment settlement for pay_486945_000172
setl_330646_000173,payment,pay_882169_000173,order_677124_000173,batch_446620_000003,UTR202401088823741,69473,0,67998,1250,225,2024-01-08T23:45:00,Payment settlement for pay_882169_000173
setl_292800_000174,payment,pay_421517_000174,order_363615_000174,batch_446620_000003,UTR202401088823741,35242,0,34494,634,114,2024-01-08T23:45:00,Payment settlement for pay_421517_000174
setl_645895_000175,payment,pay_225362_000175,order_878967_000175,batch_446620_000003,UTR202401088823741,861844,0,843539,15513,2792,2024-01-08T23:45:00,Payment settlement for pay_225362_000175
setl_171488_000176,payment,pay_300845_000176,order_326895_000176,batch_446620_000003,UTR202401088823741,244965,0,239763,4409,793,2024-01-08T23:45:00,Payment settlement for pay_300845_000176
setl_924451_000177,payment,pay_718226_000177,order_897135_000177,batch_446620_000003,UTR202401088823741,248372,0,243098,4470,804,2024-01-08T23:45:00,Payment settlement for pay_718226_000177
setl_629678_000178,payment,pay_973074_000178,order_303547_000178,batch_446620_000003,UTR202401088823741,57301,0,56085,1031,185,2024-01-08T23:45:00,Payment settlement for pay_973074_000178
setl_267112_000179,payment,pay_416950_000179,order_114835_000179,batch_446620_000003,UTR202401088823741,166365,0,162833,2994,538,2024-01-08T23:45:00,Payment settlement for pay_416950_000179
setl_536135_000180,payment,pay_147726_000180,order_157174_000180,batch_446620_000003,UTR202401088823741,26551,0,25989,477,85,2024-01-08T23:45:00,Payment settlement for pay_147726_000180
setl_669460_000181,payment,pay_889359_000181,order_614723_000181,batch_446620_000003,UTR202401088823741,85243,0,83433,1534,276,2024-01-08T23:45:00,Payment settlement for pay_889359_000181
setl_663123_000182,payment,pay_592198_000182,order_601968_000182,batch_446620_000003,UTR202401088823741,34164,0,33440,614,110,2024-01-08T23:45:00,Payment settlement for pay_592198_000182
setl_523013_000183,payment,pay_364742_000183,order_600935_000183,batch_446620_000003,UTR202401088823741,62521,0,61194,1125,202,2024-01-08T23:45:00,Payment settlement for pay_364742_000183
setl_196411_000184,payment,pay_177680_000184,order_705050_000184,batch_446620_000003,UTR202401088823741,528106,0,516891,9505,1710,2024-01-08T23:45:00,Payment settlement for pay_177680_000184
setl_466375_000185,payment,pay_256445_000185,order_950544_000185,batch_446620_000003,UTR202401088823741,21164,0,20716,380,68,2024-01-08T23:45:00,Payment settlement for pay_256445_000185
setl_331942_000186,payment,pay_224205_000186,order_685181_000186,batch_446620_000003,UTR202401088823741,417885,0,409011,7521,1353,2024-01-08T23:45:00,Payment settlement for pay_224205_000186
setl_323717_000187,payment,pay_929151_000187,order_748458_000187,batch_446620_000003,UTR202401088823741,773978,0,757540,13931,2507,2024-01-08T23:45:00,Payment settlement for pay_929151_000187
setl_795556_000188,payment,pay_572398_000188,order_564226_000188,batch_446620_000003,UTR202401088823741,324830,0,317932,5846,1052,2024-01-08T23:45:00,Payment settlement for pay_572398_000188
setl_448005_000189,payment,pay_696251_000189,order_751194_000189,batch_446620_000003,UTR202401088823741,488019,0,477654,8784,1581,2024-01-08T23:45:00,Payment settlement for pay_696251_000189
setl_447148_000190,payment,pay_899787_000190,order_317881_000190,batch_446620_000003,UTR202401088823741,44687,0,43739,804,144,2024-01-08T23:45:00,Payment settlement for pay_899787_000190
setl_478323_000191,payment,pay_185131_000191,order_264686_000191,batch_446620_000003,UTR202401088823741,82350,0,80602,1482,266,2024-01-08T23:45:00,Payment settlement for pay_185131_000191
setl_407835_000192,payment,pay_264136_000192,order_102805_000192,batch_446620_000003,UTR202401088823741,461429,0,451630,8305,1494,2024-01-08T23:45:00,Payment settlement for pay_264136_000192
setl_329056_000193,payment,pay_592738_000193,order_405407_000193,batch_446620_000003,UTR202401088823741,47762,0,46749,859,154,2024-01-08T23:45:00,Payment settlement for pay_592738_000193
setl_889216_000194,payment,pay_396451_000194,order_837135_000194,batch_446620_000003,UTR202401088823741,40595,0,39734,730,131,2024-01-08T23:45:00,Payment settlement for pay_396451_000194
setl_748314_000195,payment,pay_377405_000195,order_926097_000195,batch_446620_000003,UTR202401088823741,409219,0,400529,7365,1325,2024-01-08T23:45:00,Payment settlement for pay_377405_000195
setl_656268_000196,payment,pay_942956_000196,order_307428_000196,batch_446620_000003,UTR202401088823741,81376,0,79649,1464,263,2024-01-08T23:45:00,Payment settlement for pay_942956_000196
setl_597923_000197,payment,pay_779094_000197,order_256226_000197,batch_446620_000003,UTR202401088823741,19359,0,18949,348,62,2024-01-08T23:45:00,Payment settlement for pay_779094_000197
setl_688602_000198,payment,pay_273982_000198,order_931131_000198,batch_446620_000003,UTR202401088823741,492669,0,482205,8868,1596,2024-01-08T23:45:00,Payment settlement for pay_273982_000198
setl_963699_000199,payment,pay_696856_000199,order_402630_000199,batch_446620_000003,UTR202401088823741,71433,0,69917,1285,231,2024-01-08T23:45:00,Payment settlement for pay_696856_000199
setl_352023_000200,payment,pay_418862_000200,order_833723_000200,batch_462814_000004,UTR202401098477055,75597,0,73993,1360,244,2024-01-09T21:55:00,Payment settlement for pay_418862_000200
setl_773462_000201,payment,pay_617781_000201,order_559023_000201,batch_462814_000004,UTR202401098477055,120898,0,118331,2176,391,2024-01-09T21:55:00,Payment settlement for pay_617781_000201
setl_743512_000202,payment,pay_553014_000202,order_870214_000202,batch_462814_000004,UTR202401098477055,231264,0,226353,4162,749,2024-01-09T21:55:00,Payment settlement for pay_553014_000202
setl_751303_000203,payment,pay_195763_000203,order_340044_000203,batch_462814_000004,UTR202401098477055,407821,0,399160,7340,1321,2024-01-09T21:55:00,Payment settlement for pay_195763_000203
setl_355671_000204,payment,pay_901909_000204,order_804938_000204,batch_462814_000004,UTR202401098477055,85529,0,83713,1539,277,2024-01-09T21:55:00,Payment settlement for pay_901909_000204
setl_141814_000205,payment,pay_900177_000205,order_893005_000205,batch_462814_000004,UTR202401098477055,372086,0,364184,6697,1205,2024-01-09T21:55:00,Payment settlement for pay_900177_000205
setl_815706_000206,payment,pay_563711_000206,order_391668_000206,batch_462814_000004,UTR202401098477055,328529,0,321552,5913,1064,2024-01-09T21:55:00,Payment settlement for pay_563711_000206
setl_436526_000207,payment,pay_953797_000207,order_615611_000207,batch_462814_000004,UTR202401098477055,282431,0,276434,5083,914,2024-01-09T21:55:00,Payment settlement for pay_953797_000207
setl_499898_000208,payment,pay_449499_000208,order_436653_000208,batch_462814_000004,UTR202401098477055,31079,0,30420,559,100,2024-01-09T21:55:00,Payment settlement for pay_449499_000208
setl_934883_000209,payment,pay_531641_000209,order_827369_000209,batch_462814_000004,UTR202401098477055,96846,0,94790,1743,313,2024-01-09T21:55:00,Payment settlement for pay_531641_000209
setl_218881_000210,payment,pay_519904_000210,order_953085_000210,batch_462814_000004,UTR202401098477055,119239,0,116707,2146,386,2024-01-09T21:55:00,Payment settlement for pay_519904_000210
setl_504620_000211,payment,pay_192337_000211,order_429795_000211,batch_462814_000004,UTR202401098477055,25194,0,24660,453,81,2024-01-09T21:55:00,Payment settlement for pay_192337_000211
setl_369054_000212,payment,pay_523808_000212,order_639593_000212,batch_462814_000004,UTR202401098477055,96200,0,94158,1731,311,2024-01-09T21:55:00,Payment settlement for pay_523808_000212
setl_666479_000213,payment,pay_668950_000213,order_584417_000213,batch_462814_000004,UTR202401098477055,34586,0,33853,622,111,2024-01-09T21:55:00,Payment settlement for pay_668950_000213
setl_859143_000214,payment,pay_479353_000214,order_752878_000214,batch_462814_000004,UTR202401098477055,427894,0,418806,7702,1386,2024-01-09T21:55:00,Payment settlement for pay_479353_000214
setl_396567_000215,payment,pay_896907_000215,order_154118_000215,batch_462814_000004,UTR202401098477055,81987,0,80247,1475,265,2024-01-09T21:55:00,Payment settlement for pay_896907_000215
setl_125905_000216,payment,pay_402020_000216,order_559398_000216,batch_462814_000004,UTR202401098477055,163662,0,160187,2945,530,2024-01-09T21:55:00,Payment settlement for pay_402020_000216
setl_641975_000217,payment,pay_760626_000217,order_738448_000217,batch_462814_000004,UTR202401098477055,30758,0,30106,553,99,2024-01-09T21:55:00,Payment settlement for pay_760626_000217
setl_962043_000218,payment,pay_677596_000218,order_114338_000218,batch_462814_000004,UTR202401098477055,148868,0,145707,2679,482,2024-01-09T21:55:00,Payment settlement for pay_677596_000218
setl_907921_000219,payment,pay_982277_000219,order_218972_000219,batch_462814_000004,UTR202401098477055,94896,0,92881,1708,307,2024-01-09T21:55:00,Payment settlement for pay_982277_000219
setl_493172_000220,payment,pay_261450_000220,order_622584_000220,batch_462814_000004,UTR202401098477055,76698,0,75070,1380,248,2024-01-09T21:55:00,Payment settlement for pay_261450_000220
setl_639292_000221,payment,pay_386706_000221,order_535673_000221,batch_462814_000004,UTR202401098477055,347579,0,340197,6256,1126,2024-01-09T21:55:00,Payment settlement for pay_386706_000221
setl_941814_000222,payment,pay_578975_000222,order_678043_000222,batch_462814_000004,UTR202401098477055,34983,0,34241,629,113,2024-01-09T21:55:00,Payment settlement for pay_578975_000222
setl_633447_000223,payment,pay_728492_000223,order_632929_000223,batch_462814_000004,UTR202401098477055,19150,0,18745,344,61,2024-01-09T21:55:00,Payment settlement for pay_728492_000223
setl_567200_000224,payment,pay_910208_000224,order_928381_000224,batch_462814_000004,UTR202401098477055,278192,0,272284,5007,901,2024-01-09T21:55:00,Payment settlement for pay_910208_000224
setl_610451_000225,payment,pay_925981_000225,order_632401_000225,batch_462814_000004,UTR202401098477055,47072,0,46073,847,152,2024-01-09T21:55:00,Payment settlement for pay_925981_000225
setl_145981_000226,payment,pay_413058_000226,order_978157_000226,batch_462814_000004,UTR202401098477055,445999,0,436528,8027,1444,2024-01-09T21:55:00,Payment settlement for pay_413058_000226
setl_410833_000227,payment,pay_255813_000227,order_568238_000227,batch_462814_000004,UTR202401098477055,280944,0,274978,5056,910,2024-01-09T21:55:00,Payment settlement for pay_255813_000227
setl_783176_000228,payment,pay_678727_000228,order_899929_000228,batch_462814_000004,UTR202401098477055,69682,0,68203,1254,225,2024-01-09T21:55:00,Payment settlement for pay_678727_000228
setl_301863_000229,payment,pay_437408_000229,order_297816_000229,batch_462814_000004,UTR202401098477055,84946,0,83142,1529,275,2024-01-09T21:55:00,Payment settlement for pay_437408_000229
setl_435872_000230,payment,pay_344907_000230,order_997594_000230,batch_462814_000004,UTR202401098477055,122883,0,120275,2211,397,2024-01-09T21:55:00,Payment settlement for pay_344907_000230
setl_638857_000231,payment,pay_880879_000231,order_595951_000231,batch_462814_000004,UTR202401098477055,60604,0,59318,1090,196,2024-01-09T21:55:00,Payment settlement for pay_880879_000231
setl_186345_000232,payment,pay_930884_000232,order_960616_000232,batch_462814_000004,UTR202401098477055,74923,0,73333,1348,242,2024-01-09T21:55:00,Payment settlement for pay_930884_000232
setl_200617_000233,payment,pay_232378_000233,order_626690_000233,batch_462814_000004,UTR202401098477055,23154,0,22664,416,74,2024-01-09T21:55:00,Payment settlement for pay_232378_000233
setl_275526_000234,payment,pay_986088_000234,order_561694_000234,batch_462814_000004,UTR202401098477055,339561,0,332349,6112,1100,2024-01-09T21:55:00,Payment settlement for pay_986088_000234
setl_910883_000235,payment,pay_857537_000235,order_251157_000235,batch_462814_000004,UTR202401098477055,180929,0,177087,3256,586,2024-01-09T21:55:00,Payment settlement for pay_857537_000235
setl_664107_000236,payment,pay_592296_000236,order_919488_000236,batch_462814_000004,UTR202401098477055,91691,0,89744,1650,297,2024-01-09T21:55:00,Payment settlement for pay_592296_000236
setl_659106_000237,payment,pay_516791_000237,order_781403_000237,batch_462814_000004,UTR202401098477055,98389,0,96300,1771,318,2024-01-09T21:55:00,Payment settlement for pay_516791_000237
setl_107686_000238,payment,pay_659543_000238,order_498468_000238,batch_462814_000004,UTR202401098477055,476814,0,466688,8582,1544,2024-01-09T21:55:00,Payment settlement for pay_659543_000238
setl_757386_000239,payment,pay_896290_000239,order_611650_000239,batch_462814_000004,UTR202401098477055,90931,0,89001,1636,294,2024-01-09T21:55:00,Payment settlement for pay_896290_000239
setl_168652_000240,payment,pay_346174_000240,order_761820_000240,batch_462814_000004,UTR202401098477055,39817,0,38973,716,128,2024-01-09T21:55:00,Payment settlement for pay_346174_000240
setl_321020_000241,payment,pay_194769_000241,order_555052_000241,batch_462814_000004,UTR202401098477055,832266,0,814590,14980,2696,2024-01-09T21:55:00,Payment settlement for pay_194769_000241
setl_802897_000242,payment,pay_205389_000242,order_565230_000242,batch_462814_000004,UTR202401098477055,657006,0,643052,11826,2128,2024-01-09T21:55:00,Payment settlement for pay_205389_000242
setl_760093_000243,payment,pay_130353_000243,order_148225_000243,batch_462814_000004,UTR202401098477055,48452,0,47424,872,156,2024-01-09T21:55:00,Payment settlement for pay_130353_000243
setl_911159_000244,payment,pay_493049_000244,order_551607_000244,batch_462814_000004,UTR202401098477055,79621,0,77931,1433,257,2024-01-09T21:55:00,Payment settlement for pay_493049_000244
setl_323530_000245,payment,pay_693418_000245,order_814919_000245,batch_462814_000004,UTR202401098477055,32280,0,31595,581,104,2024-01-09T21:55:00,Payment settlement for pay_693418_000245
setl_818699_000246,payment,pay_182804_000246,order_739098_000246,batch_462814_000004,UTR202401098477055,458159,0,448429,8246,1484,2024-01-09T21:55:00,Payment settlement for pay_182804_000246
setl_544815_000247,payment,pay_621841_000247,order_711484_000247,batch_462814_000004,UTR202401098477055,70443,0,68948,1267,228,2024-01-09T21:55:00,Payment settlement for pay_621841_000247
setl_976258_000248,payment,pay_366314_000248,order_581894_000248,batch_462814_000004,UTR202401098477055,504926,0,494203,9088,1635,2024-01-09T21:55:00,Payment settlement for pay_366314_000248
setl_208975_000249,payment,pay_943718_000249,order_587853_000249,batch_462814_000004,UTR202401098477055,786574,0,769868,14158,2548,2024-01-09T21:55:00,Payment settlement for pay_943718_000249
setl_124906_000250,payment,pay_177449_000250,order_563187_000250,batch_819368_000005,UTR202401113579573,256842,0,251387,4623,832,2024-01-11T10:31:00,Payment settlement for pay_177449_000250
setl_581532_000251,payment,pay_544920_000251,order_823846_000251,batch_819368_000005,UTR202401113579573,258398,0,252910,4651,837,2024-01-11T10:31:00,Payment settlement for pay_544920_000251
setl_851690_000252,payment,pay_503380_000252,order_994787_000252,batch_819368_000005,UTR202401113579573,41091,0,40219,739,133,2024-01-11T10:31:00,Payment settlement for pay_503380_000252
setl_447828_000253,payment,pay_699704_000253,order_476395_000253,batch_819368_000005,UTR202401113579573,48696,0,47663,876,157,2024-01-11T10:31:00,Payment settlement for pay_699704_000253
setl_139726_000254,payment,pay_970357_000254,order_790203_000254,batch_819368_000005,UTR202401113579573,11061,0,10827,199,35,2024-01-11T10:31:00,Payment settlement for pay_970357_000254
setl_191772_000255,payment,pay_819112_000255,order_916118_000255,batch_819368_000005,UTR202401113579573,89482,0,87583,1610,289,2024-01-11T10:31:00,Payment settlement for pay_819112_000255
setl_176806_000256,payment,pay_620856_000256,order_973294_000256,batch_819368_000005,UTR202401113579573,918832,0,899318,16538,2976,2024-01-11T10:31:00,Payment settlement for pay_620856_000256
setl_156904_000257,payment,pay_736553_000257,order_940886_000257,batch_819368_000005,UTR202401113579573,93442,0,91459,1681,302,2024-01-11T10:31:00,Payment settlement for pay_736553_000257
setl_286638_000258,payment,pay_751051_000258,order_362801_000258,batch_819368_000005,UTR202401113579573,877974,0,859327,15803,2844,2024-01-11T10:31:00,Payment settlement for pay_751051_000258
setl_932794_000259,payment,pay_791201_000259,order_813928_000259,batch_819368_000005,UTR202401113579573,92345,0,90384,1662,299,2024-01-11T10:31:00,Payment settlement for pay_791201_000259
setl_364144_000260,payment,pay_757937_000260,order_777737_000260,batch_819368_000005,UTR202401113579573,67779,0,66340,1220,219,2024-01-11T10:31:00,Payment settlement for pay_757937_000260
setl_685193_000261,payment,pay_707727_000261,order_482584_000261,batch_819368_000005,UTR202401113579573,21813,0,21351,392,70,2024-01-11T10:31:00,Payment settlement for pay_707727_000261
setl_173863_000262,payment,pay_409445_000262,order_442589_000262,batch_819368_000005,UTR202401113579573,192085,0,188006,3457,622,2024-01-11T10:31:00,Payment settlement for pay_409445_000262
setl_702891_000263,payment,pay_238579_000263,order_924718_000263,batch_819368_000005,UTR202401113579573,79579,0,77890,1432,257,2024-01-11T10:31:00,Payment settlement for pay_238579_000263
setl_961530_000264,payment,pay_385765_000264,order_970813_000264,batch_819368_000005,UTR202401113579573,73156,0,71604,1316,236,2024-01-11T10:31:00,Payment settlement for pay_385765_000264
setl_338703_000265,payment,pay_409478_000265,order_882824_000265,batch_819368_000005,UTR202401113579573,71385,0,69870,1284,231,2024-01-11T10:31:00,Payment settlement for pay_409478_000265
setl_371212_000266,payment,pay_247594_000266,order_890785_000266,batch_819368_000005,UTR202401113579573,879698,0,861014,15834,2850,2024-01-11T10:31:00,Payment settlement for pay_247594_000266
setl_527433_000267,payment,pay_516716_000267,order_986827_000267,batch_819368_000005,UTR202401113579573,291771,0,285575,5251,945,2024-01-11T10:31:00,Payment settlement for pay_516716_000267
setl_506881_000268,payment,pay_929090_000268,order_513741_000268,batch_819368_000005,UTR202401113579573,80329,0,78624,1445,260,2024-01-11T10:31:00,Payment settlement for pay_929090_000268
setl_573039_000269,payment,pay_576877_000269,order_486490_000269,batch_819368_000005,UTR202401113579573,852500,0,834393,15345,2762,2024-01-11T10:31:00,Payment settlement for pay_576877_000269
setl_760830_000270,payment,pay_712955_000270,order_499534_000270,batch_819368_000005,UTR202401113579573,294759,0,288500,5305,954,2024-01-11T10:31:00,Payment settlement for pay_712955_000270
setl_524094_000271,payment,pay_807617_000271,order_345180_000271,batch_819368_000005,UTR202401113579573,91205,0,89269,1641,295,2024-01-11T10:31:00,Payment settlement for pay_807617_000271
setl_554059_000272,payment,pay_688678_000272,order_443939_000272,batch_819368_000005,UTR202401113579573,94889,0,92874,1708,307,2024-01-11T10:31:00,Payment settlement for pay_688678_000272
setl_431773_000273,payment,pay_766269_000273,order_963874_000273,batch_819368_000005,UTR202401113579573,658434,0,644450,11851,2133,2024-01-11T10:31:00,Payment settlement for pay_766269_000273
setl_117711_000274,payment,pay_528129_000274,order_222343_000274,batch_819368_000005,UTR202401113579573,14877,0,14562,267,48,2024-01-11T10:31:00,Payment settlement for pay_528129_000274
setl_508422_000275,payment,pay_616554_000275,order_221761_000275,batch_819368_000005,UTR202401113579573,80457,0,78749,1448,260,2024-01-11T10:31:00,Payment settlement for pay_616554_000275
setl_806004_000276,payment,pay_507524_000276,order_575679_000276,batch_819368_000005,UTR202401113579573,997748,0,976557,17959,3232,2024-01-11T10:31:00,Payment settlement for pay_507524_000276
setl_224052_000277,payment,pay_830316_000277,order_666432_000277,batch_819368_000005,UTR202401113579573,489162,0,478774,8804,1584,2024-01-11T10:31:00,Payment settlement for pay_830316_000277
setl_660814_000278,payment,pay_262029_000278,order_535037_000278,batch_819368_000005,UTR202401113579573,74139,0,72565,1334,240,2024-01-11T10:31:00,Payment settlement for pay_262029_000278
setl_106185_000279,payment,pay_527940_000279,order_393328_000279,batch_819368_000005,UTR202401113579573,694264,0,679519,12496,2249,2024-01-11T10:31:00,Payment settlement for pay_527940_000279
setl_772580_000280,payment,pay_564920_000280,order_566297_000280,batch_819368_000005,UTR202401113579573,23022,0,22534,414,74,2024-01-11T10:31:00,Payment settlement for pay_564920_000280
setl_855274_000281,payment,pay_485178_000281,order_670913_000281,batch_819368_000005,UTR202401113579573,17936,0,17557,322,57,2024-01-11T10:31:00,Payment settlement for pay_485178_000281
setl_748386_000282,payment,pay_389282_000282,order_299028_000282,batch_819368_000005,UTR202401113579573,148063,0,144919,2665,479,2024-01-11T10:31:00,Payment settlement for pay_389282_000282
setl_166309_000283,payment,pay_322409_000283,order_772875_000283,batch_819368_000005,UTR202401113579573,111197,0,108836,2001,360,2024-01-11T10:31:00,Payment settlement for pay_322409_000283
setl_892682_000284,payment,pay_925013_000284,order_449709_000284,batch_819368_000005,UTR202401113579573,84000,0,82216,1512,272,2024-01-11T10:31:00,Payment settlement for pay_925013_000284
setl_882186_000285,payment,pay_171942_000285,order_970127_000285,batch_819368_000005,UTR202401113579573,208610,0,204181,3754,675,2024-01-11T10:31:00,Payment settlement for pay_171942_000285
setl_714054_000286,payment,pay_326441_000286,order_952547_000286,batch_819368_000005,UTR202401113579573,29340,0,28717,528,95,2024-01-11T10:31:00,Payment settlement for pay_326441_000286
setl_147727_000287,payment,pay_724932_000287,order_102973_000287,batch_819368_000005,UTR202401113579573,27038,0,26465,486,87,2024-01-11T10:31:00,Payment settlement for pay_724932_000287
setl_834928_000288,payment,pay_362829_000288,order_937302_000288,batch_819368_000005,UTR202401113579573,96646,0,94594,1739,313,2024-01-11T10:31:00,Payment settlement for pay_362829_000288
setl_989455_000289,payment,pay_127032_000289,order_238205_000289,batch_819368_000005,UTR202401113579573,41186,0,40312,741,133,2024-01-11T10:31:00,Payment settlement for pay_127032_000289
setl_176115_000290,payment,pay_439498_000290,order_116547_000290,batch_819368_000005,UTR202401113579573,16868,0,16511,303,54,2024-01-11T10:31:00,Payment settlement for pay_439498_000290
setl_475075_000291,payment,pay_877747_000291,order_541409_000291,batch_819368_000005,UTR202401113579573,18330,0,17942,329,59,2024-01-11T10:31:00,Payment settlement for pay_877747_000291
setl_627262_000292,payment,pay_570050_000292,order_915809_000292,batch_819368_000005,UTR202401113579573,411251,0,402517,7402,1332,2024-01-11T10:31:00,Payment settlement for pay_570050_000292
setl_211291_000293,payment,pay_573962_000293,order_628313_000293,batch_819368_000005,UTR202401113579573,122735,0,120129,2209,397,2024-01-11T10:31:00,Payment settlement for pay_573962_000293
setl_403915_000294,payment,pay_921273_000294,order_790909_000294,batch_819368_000005,UTR202401113579573,70036,0,68550,1260,226,2024-01-11T10:31:00,Payment settlement for pay_921273_000294
setl_925115_000295,payment,pay_132663_000295,order_163780_000295,batch_819368_000005,UTR202401113579573,323490,0,316621,5822,1047,2024-01-11T10:31:00,Payment settlement for pay_132663_000295
setl_819195_000296,payment,pay_213206_000296,order_614084_000296,batch_819368_000005,UTR202401113579573,138530,0,135589,2493,448,2024-01-11T10:31:00,Payment settlement for pay_213206_000296
setl_415989_000297,payment,pay_184714_000297,order_437758_000297,batch_819368_000005,UTR202401113579573,18609,0,18215,334,60,2024-01-11T10:31:00,Payment settlement for pay_184714_000297
setl_736030_000298,payment,pay_388375_000298,order_754644_000298,batch_819368_000005,UTR202401113579573,387496,0,379267,6974,1255,2024-01-11T10:31:00,Payment settlement for pay_388375_000298
setl_190707_000299,payment,pay_440981_000299,order_499407_000299,batch_819368_000005,UTR202401113579573,254611,0,249205,4582,824,2024-01-11T10:31:00,Payment settlement for pay_440981_000299
setl_597012_000300,payment,pay_630108_000300,order_734836_000300,batch_962057_000006,UTR202401131517059,24996,0,24467,449,80,2024-01-13T17:41:00,Payment settlement for pay_630108_000300
setl_263917_000301,payment,pay_786516_000301,order_782535_000301,batch_962057_000006,UTR202401131517059,477927,0,467777,8602,1548,2024-01-13T17:41:00,Payment settlement for pay_786516_000301
setl_659381_000302,payment,pay_325468_000302,order_550961_000302,batch_962057_000006,UTR202401131517059,64239,0,62875,1156,208,2024-01-13T17:41:00,Payment settlement for pay_325468_000302
setl_330545_000303,payment,pay_967611_000303,order_575528_000303,batch_962057_000006,UTR202401131517059,482527,0,472279,8685,1563,2024-01-13T17:41:00,Payment settlement for pay_967611_000303
setl_243006_000304,payment,pay_427730_000304,order_547494_000304,batch_962057_000006,UTR202401131517059,633635,0,620178,11405,2052,2024-01-13T17:41:00,Payment settlement for pay_427730_000304
setl_883028_000305,payment,pay_260053_000305,order_820184_000305,batch_962057_000006,UTR202401131517059,21957,0,21491,395,71,2024-01-13T17:41:00,Payment settlement for pay_260053_000305
setl_509985_000306,payment,pay_189511_000306,order_197758_000306,batch_962057_000006,UTR202401131517059,58843,0,57594,1059,190,2024-01-13T17:41:00,Payment settlement for pay_189511_000306
setl_935474_000307,payment,pay_236435_000307,order_683397_000307,batch_962057_000006,UTR202401131517059,394433,0,386057,7099,1277,2024-01-13T17:41:00,Payment settlement for pay_236435_000307
setl_936223_000308,payment,pay_445658_000308,order_802559_000308,batch_962057_000006,UTR202401131517059,285387,0,279327,5136,924,2024-01-13T17:41:00,Payment settlement for pay_445658_000308
setl_990731_000309,payment,pay_797660_000309,order_886730_000309,batch_962057_000006,UTR202401131517059,526972,0,515780,9485,1707,2024-01-13T17:41:00,Payment settlement for pay_797660_000309
setl_672233_000310,payment,pay_729575_000310,order_427626_000310,batch_962057_000006,UTR202401131517059,85748,0,83928,1543,277,2024-01-13T17:41:00,Payment settlement for pay_729575_000310
setl_409307_000311,payment,pay_323072_000311,order_262246_000311,batch_962057_000006,UTR202401131517059,217568,0,212948,3916,704,2024-01-13T17:41:00,Payment settlement for pay_323072_000311
setl_764845_000312,payment,pay_213475_000312,order_467121_000312,batch_962057_000006,UTR202401131517059,292707,0,286491,5268,948,2024-01-13T17:41:00,Payment settlement for pay_213475_000312
setl_251074_000313,payment,pay_899649_000313,order_392099_000313,batch_962057_000006,UTR202401131517059,66244,0,64838,1192,214,2024-01-13T17:41:00,Payment settlement for pay_899649_000313
setl_412534_000314,payment,pay_688215_000314,order_904711_000314,batch_962057_000006,UTR202401131517059,421689,0,412733,7590,1366,2024-01-13T17:41:00,Payment settlement for pay_688215_000314
setl_810189_000315,payment,pay_773918_000315,order_683783_000315,batch_962057_000006,UTR202401131517059,444893,0,435444,8008,1441,2024-01-13T17:41:00,Payment settlement for pay_773918_000315
setl_933635_000316,payment,pay_827157_000316,order_380439_000316,batch_962057_000006,UTR202401131517059,45818,0,44846,824,148,2024-01-13T17:41:00,Payment settlement for pay_827157_000316
setl_864752_000317,payment,pay_899444_000317,order_423993_000317,batch_962057_000006,UTR202401131517059,10800,0,10572,194,34,2024-01-13T17:41:00,Payment settlement for pay_899444_000317
setl_779414_000318,payment,pay_250210_000318,order_693830_000318,batch_962057_000006,UTR202401131517059,136482,0,133584,2456,442,2024-01-13T17:41:00,Payment settlement for pay_250210_000318
setl_491255_000319,payment,pay_876962_000319,order_763928_000319,batch_962057_000006,UTR202401131517059,79531,0,77843,1431,257,2024-01-13T17:41:00,Payment settlement for pay_876962_000319
setl_111691_000320,payment,pay_494468_000320,order_540226_000320,batch_962057_000006,UTR202401131517059,30631,0,29981,551,99,2024-01-13T17:41:00,Payment settlement for pay_494468_000320
setl_680412_000321,payment,pay_426775_000321,order_856648_000321,batch_962057_000006,UTR202401131517059,993568,0,972465,17884,3219,2024-01-13T17:41:00,Payment settlement for pay_426775_000321
setl_682032_000322,payment,pay_725185_000322,order_189083_000322,batch_962057_000006,UTR202401131517059,30632,0,29982,551,99,2024-01-13T17:41:00,Payment settlement for pay_725185_000322
setl_248241_000323,payment,pay_747850_000323,order_152179_000323,batch_962057_000006,UTR202401131517059,45665,0,44697,821,147,2024-01-13T17:41:00,Payment settlement for pay_747850_000323
setl_229221_000324,payment,pay_794093_000324,order_544611_000324,batch_962057_000006,UTR202401131517059,331758,0,324713,5971,1074,2024-01-13T17:41:00,Payment settlement for pay_794093_000324
setl_143802_000325,payment,pay_386436_000325,order_326040_000325,batch_962057_000006,UTR202401131517059,159673,0,156282,2874,517,2024-01-13T17:41:00,Payment settlement for pay_386436_000325
setl_105274_000326,payment,pay_550797_000326,order_216276_000326,batch_962057_000006,UTR202401131517059,855722,0,837548,15402,2772,2024-01-13T17:41:00,Payment settlement for pay_550797_000326
setl_700538_000327,payment,pay_610271_000327,order_652530_000327,batch_962057_000006,UTR202401131517059,15952,0,15614,287,51,2024-01-13T17:41:00,Payment settlement for pay_610271_000327
setl_725637_000328,payment,pay_514463_000328,order_728437_000328,batch_962057_000006,UTR202401131517059,36794,0,36013,662,119,2024-01-13T17:41:00,Payment settlement for pay_514463_000328
setl_513224_000329,payment,pay_321494_000329,order_904624_000329,batch_962057_000006,UTR202401131517059,633965,0,620501,11411,2053,2024-01-13T17:41:00,Payment settlement for pay_321494_000329
setl_663244_000330,payment,pay_444061_000330,order_225812_000330,batch_962057_000006,UTR202401131517059,491650,0,481209,8849,1592,2024-01-13T17:41:00,Payment settlement for pay_444061_000330
setl_674122_000331,payment,pay_284229_000331,order_235461_000331,batch_962057_000006,UTR202401131517059,468926,0,458967,8440,1519,2024-01-13T17:41:00,Payment settlement for pay_284229_000331
setl_189261_000332,payment,pay_624563_000332,order_685864_000332,batch_962057_000006,UTR202401131517059,922681,0,903084,16608,2989,2024-01-13T17:41:00,Payment settlement for pay_624563_000332
setl_419491_000333,payment,pay_175576_000333,order_516359_000333,batch_962057_000006,UTR202401131517059,67176,0,65750,1209,217,2024-01-13T17:41:00,Payment settlement for pay_175576_000333
setl_320256_000334,payment,pay_582087_000334,order_181644_000334,batch_962057_000006,UTR202401131517059,325068,0,318164,5851,1053,2024-01-13T17:41:00,Payment settlement for pay_582087_000334
setl_884645_000335,payment,pay_524068_000335,order_843963_000335,batch_962057_000006,UTR202401131517059,251789,0,246442,4532,815,2024-01-13T17:41:00,Payment settlement for pay_524068_000335
setl_877446_000336,payment,pay_524707_000336,order_121869_000336,batch_962057_000006,UTR202401131517059,91018,0,89086,1638,294,2024-01-13T17:41:00,Payment settlement for pay_524707_000336
setl_861200_000337,payment,pay_972442_000337,order_823108_000337,batch_962057_000006,UTR202401131517059,67240,0,65813,1210,217,2024-01-13T17:41:00,Payment settlement for pay_972442_000337
setl_460554_000338,payment,pay_211005_000338,order_355135_000338,batch_962057_000006,UTR202401131517059,309951,0,303368,5579,1004,2024-01-13T17:41:00,Payment settlement for pay_211005_000338
setl_322022_000339,payment,pay_182467_000339,order_514991_000339,batch_962057_000006,UTR202401131517059,678002,0,663602,12204,2196,2024-01-13T17:41:00,Payment settlement for pay_182467_000339
setl_532699_000340,payment,pay_449247_000340,order_916964_000340,batch_962057_000006,UTR202401131517059,76910,0,75277,1384,249,2024-01-13T17:41:00,Payment settlement for pay_449247_000340
setl_777308_000341,payment,pay_219565_000341,order_656379_000341,batch_962057_000006,UTR202401131517059,55793,0,54609,1004,180,2024-01-13T17:41:00,Payment settlement for pay_219565_000341
setl_992819_000342,payment,pay_862712_000342,order_958729_000342,batch_962057_000006,UTR202401131517059,40968,0,40099,737,132,2024-01-13T17:41:00,Payment settlement for pay_862712_000342
setl_637450_000343,payment,pay_253557_000343,order_368402_000343,batch_962057_000006,UTR202401131517059,88957,0,87068,1601,288,2024-01-13T17:41:00,Payment settlement for pay_253557_000343
setl_249375_000344,payment,pay_897143_000344,order_896028_000344,batch_962057_000006,UTR202401131517059,33218,0,32514,597,107,2024-01-13T17:41:00,Payment settlement for pay_897143_000344
setl_268772_000345,payment,pay_758452_000345,order_618119_000345,batch_962057_000006,UTR202401131517059,795559,0,778662,14320,2577,2024-01-13T17:41:00,Payment settlement for pay_758452_000345
setl_292930_000346,payment,pay_707616_000346,order_570711_000346,batch_962057_000006,UTR202401131517059,437112,0,427828,7868,1416,2024-01-13T17:41:00,Payment settlement for pay_707616_000346
setl_331512_000347,payment,pay_754858_000347,order_438908_000347,batch_962057_000006,UTR202401131517059,29786,0,29154,536,96,2024-01-13T17:41:00,Payment settlement for pay_754858_000347
setl_746850_000348,payment,pay_171603_000348,order_591699_000348,batch_962057_000006,UTR202401131517059,258765,0,253270,4657,838,2024-01-13T17:41:00,Payment settlement for pay_171603_000348
setl_975297_000349,payment,pay_388016_000349,order_720148_000349,batch_962057_000006,UTR202401131517059,76497,0,74874,1376,247,2024-01-13T17:41:00,Payment settlement for pay_388016_000349
setl_992744_000350,payment,pay_425486_000350,order_584172_000350,batch_803571_000007,UTR202401141912484,17456,0,17086,314,56,2024-01-14T01:07:00,Payment settlement for pay_425486_000350
setl_887524_000351,payment,pay_972097_000351,order_401022_000351,batch_803571_000007,UTR202401141912484,147341,0,144212,2652,477,2024-01-14T01:07:00,Payment settlement for pay_972097_000351
setl_675512_000352,payment,pay_722937_000352,order_631699_000352,batch_803571_000007,UTR202401141912484,404259,0,395674,7276,1309,2024-01-14T01:07:00,Payment settlement for pay_722937_000352
setl_583671_000353,payment,pay_930281_000353,order_874814_000353,batch_803571_000007,UTR202401141912484,399712,0,391224,7194,1294,2024-01-14T01:07:00,Payment settlement for pay_930281_000353
setl_775990_000354,payment,pay_297383_000354,order_437145_000354,batch_803571_000007,UTR202401141912484,362860,0,355154,6531,1175,2024-01-14T01:07:00,Payment settlement for pay_297383_000354
setl_676365_000355,payment,pay_164879_000355,order_572407_000355,batch_803571_000007,UTR202401141912484,21053,0,20607,378,68,2024-01-14T01:07:00,Payment settlement for pay_164879_000355
setl_176697_000356,payment,pay_777513_000356,order_280941_000356,batch_803571_000007,UTR202401141912484,67377,0,65947,1212,218,2024-01-14T01:07:00,Payment settlement for pay_777513_000356
setl_404771_000357,payment,pay_649525_000357,order_648141_000357,batch_803571_000007,UTR202401141912484,57696,0,56472,1038,186,2024-01-14T01:07:00,Payment settlement for pay_649525_000357
setl_804313_000358,payment,pay_396635_000358,order_506235_000358,batch_803571_000007,UTR202401141912484,677401,0,663014,12193,2194,2024-01-14T01:07:00,Payment settlement for pay_396635_000358
setl_170634_000359,payment,pay_726928_000359,order_154909_000359,batch_803571_000007,UTR202401141912484,439374,0,430043,7908,1423,2024-01-14T01:07:00,Payment settlement for pay_726928_000359
setl_362865_000360,payment,pay_169113_000360,order_445705_000360,batch_803571_000007,UTR202401141912484,455666,0,445989,8201,1476,2024-01-14T01:07:00,Payment settlement for pay_169113_000360
setl_202972_000361,payment,pay_397949_000361,order_364236_000361,batch_803571_000007,UTR202401141912484,415988,0,407154,7487,1347,2024-01-14T01:07:00,Payment settlement for pay_397949_000361
setl_307007_000362,payment,pay_257677_000362,order_449555_000362,batch_803571_000007,UTR202401141912484,447923,0,438410,8062,1451,2024-01-14T01:07:00,Payment settlement for pay_257677_000362
setl_860835_000363,payment,pay_466813_000363,order_425301_000363,batch_803571_000007,UTR202401141912484,847149,0,829157,15248,2744,2024-01-14T01:07:00,Payment settlement for pay_466813_000363
setl_708798_000364,payment,pay_235215_000364,order_723945_000364,batch_803571_000007,UTR202401141912484,50577,0,49504,910,163,2024-01-14T01:07:00,Payment settlement for pay_235215_000364
setl_610856_000365,payment,pay_494976_000365,order_774751_000365,batch_803571_000007,UTR202401141912484,26750,0,26183,481,86,2024-01-14T01:07:00,Payment settlement for pay_494976_000365
setl_446922_000366,payment,pay_836971_000366,order_969226_000366,batch_803571_000007,UTR202401141912484,978385,0,957606,17610,3169,2024-01-14T01:07:00,Payment settlement for pay_836971_000366
setl_474486_000367,payment,pay_197992_000367,order_777406_000367,batch_803571_000007,UTR202401141912484,366594,0,358809,6598,1187,2024-01-14T01:07:00,Payment settlement for pay_197992_000367
setl_234443_000368,payment,pay_119116_000368,order_480211_000368,batch_803571_000007,UTR202401141912484,38074,0,37266,685,123,2024-01-14T01:07:00,Payment settlement for pay_119116_000368
setl_803904_000369,payment,pay_903373_000369,order_609892_000369,batch_803571_000007,UTR202401141912484,28030,0,27436,504,90,2024-01-14T01:07:00,Payment settlement for pay_903373_000369
setl_787313_000370,payment,pay_180913_000370,order_410160_000370,batch_803571_000007,UTR202401141912484,76543,0,74919,1377,247,2024-01-14T01:07:00,Payment settlement for pay_180913_000370
setl_345925_000371,payment,pay_665990_000371,order_975686_000371,batch_803571_000007,UTR202401141912484,119790,0,117246,2156,388,2024-01-14T01:07:00,Payment settlement for pay_665990_000371
setl_204904_000372,payment,pay_453123_000372,order_903531_000372,batch_803571_000007,UTR202401141912484,88282,0,86407,1589,286,2024-01-14T01:07:00,Payment settlement for pay_453123_000372
setl_398987_000373,payment,pay_261745_000373,order_270128_000373,batch_803571_000007,UTR202401141912484,904277,0,885072,16276,2929,2024-01-14T01:07:00,Payment settlement for pay_261745_000373
setl_749609_000374,payment,pay_948343_000374,order_273580_000374,batch_803571_000007,UTR202401141912484,122907,0,120297,2212,398,2024-01-14T01:07:00,Payment settlement for pay_948343_000374
setl_173199_000375,payment,pay_481995_000375,order_809217_000375,batch_803571_000007,UTR202401141912484,68222,0,66775,1227,220,2024-01-14T01:07:00,Payment settlement for pay_481995_000375
setl_302897_000376,payment,pay_398768_000376,order_888939_000376,batch_803571_000007,UTR202401141912484,222684,0,217955,4008,721,2024-01-14T01:07:00,Payment settlement for pay_398768_000376
setl_433222_000377,payment,pay_350786_000377,order_424500_000377,batch_803571_000007,UTR202401141912484,201720,0,197437,3630,653,2024-01-14T01:07:00,Payment settlement for pay_350786_000377
setl_609462_000378,payment,pay_811256_000378,order_698128_000378,batch_803571_000007,UTR202401141912484,247729,0,242468,4459,802,2024-01-14T01:07:00,Payment settlement for pay_811256_000378
setl_572536_000379,payment,pay_500422_000379,order_627335_000379,batch_803571_000007,UTR202401141912484,184965,0,181037,3329,599,2024-01-14T01:07:00,Payment settlement for pay_500422_000379
setl_444295_000380,payment,pay_309398_000380,order_940181_000380,batch_803571_000007,UTR202401141912484,42768,0,41861,769,138,2024-01-14T01:07:00,Payment settlement for pay_309398_000380
setl_746281_000381,payment,pay_772324_000381,order_603935_000381,batch_803571_000007,UTR202401141912484,153786,0,150520,2768,498,2024-01-14T01:07:00,Payment settlement for pay_772324_000381
setl_791454_000382,payment,pay_986982_000382,order_640970_000382,batch_803571_000007,UTR202401141912484,47363,0,46358,852,153,2024-01-14T01:07:00,Payment settlement for pay_986982_000382
setl_420523_000383,payment,pay_900185_000383,order_268099_000383,batch_803571_000007,UTR202401141912484,369144,0,361305,6644,1195,2024-01-14T01:07:00,Payment settlement for pay_900185_000383
setl_827143_000384,payment,pay_971415_000384,order_558723_000384,batch_803571_000007,UTR202401141912484,69130,0,67663,1244,223,2024-01-14T01:07:00,Payment settlement for pay_971415_000384
setl_712546_000385,payment,pay_466566_000385,order_127965_000385,batch_803571_000007,UTR202401141912484,61964,0,60649,1115,200,2024-01-14T01:07:00,Payment settlement for pay_466566_000385
setl_259797_000386,payment,pay_492127_000386,order_347231_000386,batch_803571_000007,UTR202401141912484,59140,0,57885,1064,191,2024-01-14T01:07:00,Payment settlement for pay_492127_000386
setl_693024_000387,payment,pay_129556_000387,order_434165_000387,batch_803571_000007,UTR202401141912484,840766,0,822910,15133,2723,2024-01-14T01:07:00,Payment settlement for pay_129556_000387
setl_694397_000388,payment,pay_929822_000388,order_253143_000388,batch_803571_000007,UTR202401141912484,47601,0,46591,856,154,2024-01-14T01:07:00,Payment settlement for pay_929822_000388
setl_482199_000389,payment,pay_970068_000389,order_595404_000389,batch_803571_000007,UTR202401141912484,71487,0,69970,1286,231,2024-01-14T01:07:00,Payment settlement for pay_970068_000389
setl_946934_000390,payment,pay_745239_000390,order_105506_000390,batch_803571_000007,UTR202401141912484,43544,0,42621,783,140,2024-01-14T01:07:00,Payment settlement for pay_745239_000390
setl_431699_000391,payment,pay_975522_000391,order_256782_000391,batch_803571_000007,UTR202401141912484,819228,0,801828,14746,2654,2024-01-14T01:07:00,Payment settlement for pay_975522_000391
setl_549112_000392,payment,pay_543814_000392,order_216587_000392,batch_803571_000007,UTR202401141912484,41147,0,40274,740,133,2024-01-14T01:07:00,Payment settlement for pay_543814_000392
setl_276831_000393,payment,pay_227767_000393,order_150068_000393,batch_803571_000007,UTR202401141912484,434994,0,425756,7829,1409,2024-01-14T01:07:00,Payment settlement for pay_227767_000393
setl_105066_000394,payment,pay_753064_000394,order_579318_000394,batch_803571_000007,UTR202401141912484,75513,0,73910,1359,244,2024-01-14T01:07:00,Payment settlement for pay_753064_000394
setl_428429_000395,payment,pay_662093_000395,order_117233_000395,batch_803571_000007,UTR202401141912484,401490,0,392964,7226,1300,2024-01-14T01:07:00,Payment settlement for pay_662093_000395
setl_358133_000396,payment,pay_853448_000396,order_250551_000396,batch_803571_000007,UTR202401141912484,100820,0,98680,1814,326,2024-01-14T01:07:00,Payment settlement for pay_853448_000396
setl_923824_000397,payment,pay_469954_000397,order_352249_000397,batch_803571_000007,UTR202401141912484,198206,0,193997,3567,642,2024-01-14T01:07:00,Payment settlement for pay_469954_000397
setl_332286_000398,payment,pay_800674_000398,order_189772_000398,batch_803571_000007,UTR202401141912484,18870,0,18470,339,61,2024-01-14T01:07:00,Payment settlement for pay_800674_000398
setl_846794_000399,payment,pay_670511_000399,order_631971_000399,batch_803571_000007,UTR202401141912484,390535,0,382241,7029,1265,2024-01-14T01:07:00,Payment settlement for pay_670511_000399
setl_603268_000400,payment,pay_509420_000400,order_592972_000400,batch_240829_000008,UTR202401166562703,302837,0,296405,5451,981,2024-01-16T16:32:00,Payment settlement for pay_509420_000400
setl_585331_000401,payment,pay_365971_000401,order_883618_000401,batch_240829_000008,UTR202401166562703,18855,0,18455,339,61,2024-01-16T16:32:00,Payment settlement for pay_365971_000401
setl_566991_000402,payment,pay_352838_000402,order_868544_000402,batch_240829_000008,UTR202401166562703,154349,0,151071,2778,500,2024-01-16T16:32:00,Payment settlement for pay_352838_000402
setl_476167_000403,payment,pay_710169_000403,order_870899_000403,batch_240829_000008,UTR202401166562703,27486,0,26904,494,88,2024-01-16T16:32:00,Payment settlement for pay_710169_000403
setl_912402_000404,payment,pay_469412_000404,order_672536_000404,batch_240829_000008,UTR202401166562703,191797,0,187724,3452,621,2024-01-16T16:32:00,Payment settlement for pay_469412_000404
setl_420310_000405,payment,pay_916990_000405,order_817941_000405,batch_240829_000008,UTR202401166562703,750888,0,734941,13515,2432,2024-01-16T16:32:00,Payment settlement for pay_916990_000405
setl_610626_000406,payment,pay_291132_000406,order_950916_000406,batch_240829_000008,UTR202401166562703,69988,0,68503,1259,226,2024-01-16T16:32:00,Payment settlement for pay_291132_000406
setl_678469_000407,payment,pay_407696_000407,order_311383_000407,batch_240829_000008,UTR202401166562703,15492,0,15164,278,50,2024-01-16T16:32:00,Payment settlement for pay_407696_000407
setl_214119_000408,payment,pay_425138_000408,order_640418_000408,batch_240829_000008,UTR202401166562703,348197,0,340802,6267,1128,2024-01-16T16:32:00,Payment settlement for pay_425138_000408
setl_284308_000409,payment,pay_138399_000409,order_889882_000409,batch_240829_000008,UTR202401166562703,47501,0,46493,855,153,2024-01-16T16:32:00,Payment settlement for pay_138399_000409
setl_776909_000410,payment,pay_918771_000410,order_150126_000410,batch_240829_000008,UTR202401166562703,45811,0,44839,824,148,2024-01-16T16:32:00,Payment settlement for pay_918771_000410
setl_736095_000411,payment,pay_938171_000411,order_485896_000411,batch_240829_000008,UTR202401166562703,489707,0,479307,8814,1586,2024-01-16T16:32:00,Payment settlement for pay_938171_000411
setl_185955_000412,payment,pay_505426_000412,order_455505_000412,batch_240829_000008,UTR202401166562703,462843,0,453013,8331,1499,2024-01-16T16:32:00,Payment settlement for pay_505426_000412
setl_982683_000413,payment,pay_485191_000413,order_936020_000413,batch_240829_000008,UTR202401166562703,20828,0,20387,374,67,2024-01-16T16:32:00,Payment settlement for pay_485191_000413
setl_394247_000414,payment,pay_545120_000414,order_182760_000414,batch_240829_000008,UTR202401166562703,194611,0,190479,3502,630,2024-01-16T16:32:00,Payment settlement for pay_545120_000414
setl_966589_000415,payment,pay_408036_000415,order_436814_000415,batch_240829_000008,UTR202401166562703,52981,0,51857,953,171,2024-01-16T16:32:00,Payment settlement for pay_408036_000415
setl_246802_000416,payment,pay_410000_000416,order_421384_000416,batch_240829_000008,UTR202401166562703,476262,0,466148,8572,1542,2024-01-16T16:32:00,Payment settlement for pay_410000_000416
setl_664781_000417,payment,pay_274739_000417,order_823270_000417,batch_240829_000008,UTR202401166562703,68606,0,67150,1234,222,2024-01-16T16:32:00,Payment settlement for pay_274739_000417
setl_305973_000418,payment,pay_862120_000418,order_469685_000418,batch_240829_000008,UTR202401166562703,243946,0,238765,4391,790,2024-01-16T16:32:00,Payment settlement for pay_862120_000418
setl_376021_000419,payment,pay_929924_000419,order_160144_000419,batch_240829_000008,UTR202401166562703,834240,0,816522,15016,2702,2024-01-16T16:32:00,Payment settlement for pay_929924_000419
setl_869177_000420,payment,pay_480959_000420,order_638009_000420,batch_240829_000008,UTR202401166562703,856206,0,838022,15411,2773,2024-01-16T16:32:00,Payment settlement for pay_480959_000420
setl_757057_000421,payment,pay_132653_000421,order_249715_000421,batch_240829_000008,UTR202401166562703,455513,0,445839,8199,1475,2024-01-16T16:32:00,Payment settlement for pay_132653_000421
setl_180176_000422,payment,pay_559457_000422,order_136489_000422,batch_240829_000008,UTR202401166562703,40932,0,40064,736,132,2024-01-16T16:32:00,Payment settlement for pay_559457_000422
setl_862760_000423,payment,pay_776502_000423,order_484123_000423,batch_240829_000008,UTR202401166562703,84349,0,82558,1518,273,2024-01-16T16:32:00,Payment settlement for pay_776502_000423
setl_179062_000424,payment,pay_734487_000424,order_260891_000424,batch_240829_000008,UTR202401166562703,294492,0,288238,5300,954,2024-01-16T16:32:00,Payment settlement for pay_734487_000424
setl_119535_000425,payment,pay_565504_000425,order_900152_000425,batch_240829_000008,UTR202401166562703,172191,0,168535,3099,557,2024-01-16T16:32:00,Payment settlement for pay_565504_000425
setl_990856_000426,payment,pay_484774_000426,order_517368_000426,batch_240829_000008,UTR202401166562703,246113,0,240886,4430,797,2024-01-16T16:32:00,Payment settlement for pay_484774_000426
setl_631815_000427,payment,pay_218959_000427,order_127172_000427,batch_240829_000008,UTR202401166562703,75410,0,73809,1357,244,2024-01-16T16:32:00,Payment settlement for pay_218959_000427
setl_762308_000428,payment,pay_505785_000428,order_688956_000428,batch_240829_000008,UTR202401166562703,44116,0,43180,794,142,2024-01-16T16:32:00,Payment settlement for pay_505785_000428
setl_132709_000429,payment,pay_567951_000429,order_324993_000429,batch_240829_000008,UTR202401166562703,74382,0,72804,1338,240,2024-01-16T16:32:00,Payment settlement for pay_567951_000429
setl_952117_000430,payment,pay_228594_000430,order_242321_000430,batch_240829_000008,UTR202401166562703,69250,0,67780,1246,224,2024-01-16T16:32:00,Payment settlement for pay_228594_000430
setl_710156_000431,payment,pay_848022_000431,order_566732_000431,batch_240829_000008,UTR202401166562703,943296,0,923261,16979,3056,2024-01-16T16:32:00,Payment settlement for pay_848022_000431
setl_707021_000432,payment,pay_800280_000432,order_464301_000432,batch_240829_000008,UTR202401166562703,82089,0,80347,1477,265,2024-01-16T16:32:00,Payment settlement for pay_800280_000432
setl_524814_000433,payment,pay_404466_000433,order_414527_000433,batch_240829_000008,UTR202401166562703,93584,0,91597,1684,303,2024-01-16T16:32:00,Payment settlement for pay_404466_000433
setl_906564_000434,payment,pay_932250_000434,order_479052_000434,batch_240829_000008,UTR202401166562703,25907,0,25358,466,83,2024-01-16T16:32:00,Payment settlement for pay_932250_000434
setl_718697_000435,payment,pay_930541_000435,order_245622_000435,batch_240829_000008,UTR202401166562703,113780,0,111364,2048,368,2024-01-16T16:32:00,Payment settlement for pay_930541_000435
setl_323095_000436,payment,pay_680933_000436,order_700076_000436,batch_240829_000008,UTR202401166562703,389221,0,380956,7005,1260,2024-01-16T16:32:00,Payment settlement for pay_680933_000436
setl_138436_000437,payment,pay_741674_000437,order_190403_000437,batch_240829_000008,UTR202401166562703,62187,0,60867,1119,201,2024-01-16T16:32:00,Payment settlement for pay_741674_000437
setl_678388_000438,payment,pay_853789_000438,order_601916_000438,batch_240829_000008,UTR202401166562703,314661,0,307979,5663,1019,2024-01-16T16:32:00,Payment settlement for pay_853789_000438
setl_373276_000439,payment,pay_702826_000439,order_177333_000439,batch_240829_000008,UTR202401166562703,94192,0,92192,1695,305,2024-01-16T16:32:00,Payment settlement for pay_702826_000439
setl_669868_000440,payment,pay_571832_000440,order_588461_000440,batch_240829_000008,UTR202401166562703,280624,0,274664,5051,909,2024-01-16T16:32:00,Payment settlement for pay_571832_000440
setl_665892_000441,payment,pay_969325_000441,order_918164_000441,batch_240829_000008,UTR202401166562703,408169,0,399500,7347,1322,2024-01-16T16:32:00,Payment settlement for pay_969325_000441
setl_595036_000442,payment,pay_905077_000442,order_235300_000442,batch_240829_000008,UTR202401166562703,129052,0,126313,2322,417,2024-01-16T16:32:00,Payment settlement for pay_905077_000442
setl_785672_000443,payment,pay_230192_000443,order_643269_000443,batch_240829_000008,UTR202401166562703,31581,0,30911,568,102,2024-01-16T16:32:00,Payment settlement for pay_230192_000443
setl_912853_000444,payment,pay_438334_000444,order_843788_000444,batch_240829_000008,UTR202401166562703,78012,0,76356,1404,252,2024-01-16T16:32:00,Payment settlement for pay_438334_000444
setl_255852_000445,payment,pay_397846_000445,order_987025_000445,batch_240829_000008,UTR202401166562703,35729,0,34971,643,115,2024-01-16T16:32:00,Payment settlement for pay_397846_000445
setl_483588_000446,payment,pay_677599_000446,order_387782_000446,batch_240829_000008,UTR202401166562703,258767,0,253272,4657,838,2024-01-16T16:32:00,Payment settlement for pay_677599_000446
setl_511564_000447,payment,pay_659392_000447,order_197966_000447,batch_240829_000008,UTR202401166562703,188413,0,184412,3391,610,2024-01-16T16:32:00,Payment settlement for pay_659392_000447
setl_334153_000448,payment,pay_708851_000448,order_261684_000448,batch_240829_000008,UTR202401166562703,427406,0,418329,7693,1384,2024-01-16T16:32:00,Payment settlement for pay_708851_000448
setl_909652_000449,payment,pay_734534_000449,order_454019_000449,batch_240829_000008,UTR202401166562703,121597,0,119016,2188,393,2024-01-16T16:32:00,Payment settlement for pay_734534_000449
setl_194952_000450,payment,pay_129751_000450,order_185168_000450,batch_625465_000009,UTR202401179563292,402394,0,393848,7243,1303,2024-01-17T05:54:00,Payment settlement for pay_129751_000450
setl_516059_000451,payment,pay_782759_000451,order_321048_000451,batch_625465_000009,UTR202401179563292,318411,0,311649,5731,1031,2024-01-17T05:54:00,Payment settlement for pay_782759_000451
setl_481540_000452,payment,pay_770030_000452,order_131757_000452,batch_625465_000009,UTR202401179563292,386039,0,377841,6948,1250,2024-01-17T05:54:00,Payment settlement for pay_770030_000452
setl_626560_000453,payment,pay_773088_000453,order_416768_000453,batch_625465_000009,UTR202401179563292,99783,0,97664,1796,323,2024-01-17T05:54:00,Payment settlement for pay_773088_000453
setl_111106_000454,payment,pay_411882_000454,order_575575_000454,batch_625465_000009,UTR202401179563292,531411,0,520125,9565,1721,2024-01-17T05:54:00,Payment settlement for pay_411882_000454
setl_794868_000455,payment,pay_560959_000455,order_535810_000455,batch_625465_000009,UTR202401179563292,206966,0,202571,3725,670,2024-01-17T05:54:00,Payment settlement for pay_560959_000455
setl_350484_000456,payment,pay_736129_000456,order_250647_000456,batch_625465_000009,UTR202401179563292,667413,0,653238,12013,2162,2024-01-17T05:54:00,Payment settlement for pay_736129_000456
setl_989173_000457,payment,pay_462147_000457,order_518084_000457,batch_625465_000009,UTR202401179563292,694269,0,679524,12496,2249,2024-01-17T05:54:00,Payment settlement for pay_462147_000457
setl_945718_000458,payment,pay_688933_000458,order_211341_000458,batch_625465_000009,UTR202401179563292,71141,0,69631,1280,230,2024-01-17T05:54:00,Payment settlement for pay_688933_000458
setl_743863_000459,payment,pay_380464_000459,order_571435_000459,batch_625465_000009,UTR202401179563292,22689,0,22208,408,73,2024-01-17T05:54:00,Payment settlement for pay_380464_000459
setl_817395_000460,payment,pay_404309_000460,order_502810_000460,batch_625465_000009,UTR202401179563292,230165,0,225278,4142,745,2024-01-17T05:54:00,Payment settlement for pay_404309_000460
setl_273899_000461,payment,pay_267457_000461,order_952993_000461,batch_625465_000009,UTR202401179563292,478078,0,467925,8605,1548,2024-01-17T05:54:00,Payment settlement for pay_267457_000461
setl_893988_000462,payment,pay_299055_000462,order_900190_000462,batch_625465_000009,UTR202401179563292,369864,0,362009,6657,1198,2024-01-17T05:54:00,Payment settlement for pay_299055_000462
setl_639111_000463,payment,pay_622987_000463,order_423528_000463,batch_625465_000009,UTR202401179563292,21802,0,21340,392,70,2024-01-17T05:54:00,Payment settlement for pay_622987_000463
setl_247189_000464,payment,pay_512344_000464,order_629996_000464,batch_625465_000009,UTR202401179563292,38199,0,37389,687,123,2024-01-17T05:54:00,Payment settlement for pay_512344_000464
setl_567896_000465,payment,pay_470037_000465,order_151021_000465,batch_625465_000009,UTR202401179563292,74866,0,73277,1347,242,2024-01-17T05:54:00,Payment settlement for pay_470037_000465
setl_266956_000466,payment,pay_983791_000466,order_786041_000466,batch_625465_000009,UTR202401179563292,249814,0,244509,4496,809,2024-01-17T05:54:00,Payment settlement for pay_983791_000466
setl_287847_000467,payment,pay_108574_000467,order_988324_000467,batch_625465_000009,UTR202401179563292,170220,0,166606,3063,551,2024-01-17T05:54:00,Payment settlement for pay_108574_000467
setl_693868_000468,payment,pay_377319_000468,order_862847_000468,batch_625465_000009,UTR202401179563292,711421,0,696312,12805,2304,2024-01-17T05:54:00,Payment settlement for pay_377319_000468
setl_693297_000469,payment,pay_147440_000469,order_520040_000469,batch_625465_000009,UTR202401179563292,394553,0,386174,7101,1278,2024-01-17T05:54:00,Payment settlement for pay_147440_000469
setl_791444_000470,payment,pay_480133_000470,order_680096_000470,batch_625465_000009,UTR202401179563292,60639,0,59352,1091,196,2024-01-17T05:54:00,Payment settlement for pay_480133_000470
setl_253300_000471,payment,pay_572230_000471,order_901535_000471,batch_625465_000009,UTR202401179563292,91689,0,89742,1650,297,2024-01-17T05:54:00,Payment settlement for pay_572230_000471
setl_871667_000472,payment,pay_740725_000472,order_224582_000472,batch_625465_000009,UTR202401179563292,61629,0,60321,1109,199,2024-01-17T05:54:00,Payment settlement for pay_740725_000472
setl_867562_000473,payment,pay_933510_000473,order_455556_000473,batch_625465_000009,UTR202401179563292,28909,0,28296,520,93,2024-01-17T05:54:00,Payment settlement for pay_933510_000473
setl_606990_000474,payment,pay_731728_000474,order_633853_000474,batch_625465_000009,UTR202401179563292,121105,0,118534,2179,392,2024-01-17T05:54:00,Payment settlement for pay_731728_000474
setl_476224_000475,payment,pay_140804_000475,order_243693_000475,batch_625465_000009,UTR202401179563292,72094,0,70564,1297,233,2024-01-17T05:54:00,Payment settlement for pay_140804_000475
setl_142383_000476,payment,pay_579187_000476,order_256175_000476,batch_625465_000009,UTR202401179563292,173285,0,169605,3119,561,2024-01-17T05:54:00,Payment settlement for pay_579187_000476
setl_329448_000477,payment,pay_742848_000477,order_434002_000477,batch_625465_000009,UTR202401179563292,423223,0,414234,7618,1371,2024-01-17T05:54:00,Payment settlement for pay_742848_000477
setl_898461_000478,payment,pay_983532_000478,order_413769_000478,batch_625465_000009,UTR202401179563292,76494,0,74871,1376,247,2024-01-17T05:54:00,Payment settlement for pay_983532_000478
setl_611329_000479,payment,pay_634473_000479,order_658198_000479,batch_625465_000009,UTR202401179563292,795134,0,778246,14312,2576,2024-01-17T05:54:00,Payment settlement for pay_634473_000479
setl_343007_000480,payment,pay_597960_000480,order_955374_000480,batch_625465_000009,UTR202401179563292,53416,0,52283,961,172,2024-01-17T05:54:00,Payment settlement for pay_597960_000480
setl_165914_000481,payment,pay_214928_000481,order_536774_000481,batch_625465_000009,UTR202401179563292,92478,0,90515,1664,299,2024-01-17T05:54:00,Payment settlement for pay_214928_000481
setl_377198_000482,payment,pay_725905_000482,order_597643_000482,batch_625465_000009,UTR202401179563292,403287,0,394722,7259,1306,2024-01-17T05:54:00,Payment settlement for pay_725905_000482
setl_487380_000483,payment,pay_338596_000483,order_856442_000483,batch_625465_000009,UTR202401179563292,351893,0,344419,6334,1140,2024-01-17T05:54:00,Payment settlement for pay_338596_000483
setl_345386_000484,payment,pay_649697_000484,order_759580_000484,batch_625465_000009,UTR202401179563292,299329,0,292973,5387,969,2024-01-17T05:54:00,Payment settlement for pay_649697_000484
setl_144887_000485,payment,pay_961574_000485,order_813793_000485,batch_625465_000009,UTR202401179563292,85047,0,83242,1530,275,2024-01-17T05:54:00,Payment settlement for pay_961574_000485
setl_801062_000486,payment,pay_215233_000486,order_300051_000486,batch_625465_000009,UTR202401179563292,264465,0,258849,4760,856,2024-01-17T05:54:00,Payment settlement for pay_215233_000486
setl_316818_000487,payment,pay_258787_000487,order_533020_000487,batch_625465_000009,UTR202401179563292,63788,0,62434,1148,206,2024-01-17T05:54:00,Payment settlement for pay_258787_000487
setl_643042_000488,payment,pay_912617_000488,order_741181_000488,batch_625465_000009,UTR202401179563292,881368,0,862649,15864,2855,2024-01-17T05:54:00,Payment settlement for pay_912617_000488
setl_929906_000489,payment,pay_840058_000489,order_244789_000489,batch_625465_000009,UTR202401179563292,83516,0,81743,1503,270,2024-01-17T05:54:00,Payment settlement for pay_840058_000489
setl_478799_000490,payment,pay_794395_000490,order_601608_000490,batch_625465_000009,UTR202401179563292,51124,0,50039,920,165,2024-01-17T05:54:00,Payment settlement for pay_794395_000490
setl_506945_000491,payment,pay_581992_000491,order_659024_000491,batch_625465_000009,UTR202401179563292,285748,0,279680,5143,925,2024-01-17T05:54:00,Payment settlement for pay_581992_000491
setl_592489_000492,payment,pay_909489_000492,order_855944_000492,batch_625465_000009,UTR202401179563292,463495,0,453652,8342,1501,2024-01-17T05:54:00,Payment settlement for pay_909489_000492
setl_576728_000493,payment,pay_739711_000493,order_607699_000493,batch_625465_000009,UTR202401179563292,46569,0,45581,838,150,2024-01-17T05:54:00,Payment settlement for pay_739711_000493
setl_148693_000494,payment,pay_412999_000494,order_335790_000494,batch_625465_000009,UTR202401179563292,651521,0,637684,11727,2110,2024-01-17T05:54:00,Payment settlement for pay_412999_000494
setl_141843_000495,payment,pay_317346_000495,order_823769_000495,batch_625465_000009,UTR202401179563292,266220,0,260567,4791,862,2024-01-17T05:54:00,Payment settlement for pay_317346_000495
setl_780027_000496,payment,pay_465746_000496,order_687713_000496,batch_625465_000009,UTR202401179563292,643370,0,629706,11580,2084,2024-01-17T05:54:00,Payment settlement for pay_465746_000496
setl_439813_000497,payment,pay_227794_000497,order_701334_000497,batch_625465_000009,UTR202401179563292,299069,0,292718,5383,968,2024-01-17T05:54:00,Payment settlement for pay_227794_000497
setl_208239_000498,payment,pay_513697_000498,order_958130_000498,batch_625465_000009,UTR202401179563292,921850,0,902271,16593,2986,2024-01-17T05:54:00,Payment settlement for pay_513697_000498
setl_837920_000499,payment,pay_404561_000499,order_144109_000499,batch_625465_000009,UTR202401179563292,541434,0,529935,9745,1754,2024-01-17T05:54:00,Payment settlement for pay_404561_000499
setl_494956_000500,payment,pay_563864_000500,order_787836_000500,batch_670792_000010,UTR202401193916715,751175,0,735221,13521,2433,2024-01-19T20:45:00,Payment settlement for pay_563864_000500
setl_785428_000501,payment,pay_311883_000501,order_968170_000501,batch_670792_000010,UTR202401193916715,83664,0,81889,1505,270,2024-01-19T20:45:00,Payment settlement for pay_311883_000501
setl_496905_000502,payment,pay_384815_000502,order_243941_000502,batch_670792_000010,UTR202401193916715,488440,0,478067,8791,1582,2024-01-19T20:45:00,Payment settlement for pay_384815_000502
setl_483041_000503,payment,pay_350905_000503,order_354235_000503,batch_670792_000010,UTR202401193916715,974577,0,953878,17542,3157,2024-01-19T20:45:00,Payment settlement for pay_350905_000503
setl_716225_000504,payment,pay_336633_000504,order_768933_000504,batch_670792_000010,UTR202401193916715,23133,0,22643,416,74,2024-01-19T20:45:00,Payment settlement for pay_336633_000504
setl_785073_000505,payment,pay_446337_000505,order_852204_000505,batch_670792_000010,UTR202401193916715,99285,0,97177,1787,321,2024-01-19T20:45:00,Payment settlement for pay_446337_000505
setl_976052_000506,payment,pay_244144_000506,order_105433_000506,batch_670792_000010,UTR202401193916715,63334,0,61989,1140,205,2024-01-19T20:45:00,Payment settlement for pay_244144_000506
setl_181618_000507,payment,pay_598807_000507,order_600641_000507,batch_670792_000010,UTR202401193916715,47649,0,46638,857,154,2024-01-19T20:45:00,Payment settlement for pay_598807_000507
setl_641760_000508,payment,pay_399279_000508,order_777273_000508,batch_670792_000010,UTR202401193916715,546903,0,535288,9844,1771,2024-01-19T20:45:00,Payment settlement for pay_399279_000508
setl_363807_000509,payment,pay_702022_000509,order_343500_000509,batch_670792_000010,UTR202401193916715,879121,0,860449,15824,2848,2024-01-19T20:45:00,Payment settlement for pay_702022_000509
setl_494609_000510,payment,pay_139110_000510,order_283568_000510,batch_670792_000010,UTR202401193916715,14763,0,14451,265,47,2024-01-19T20:45:00,Payment settlement for pay_139110_000510
setl_333726_000511,payment,pay_516278_000511,order_926236_000511,batch_670792_000010,UTR202401193916715,47941,0,46924,862,155,2024-01-19T20:45:00,Payment settlement for pay_516278_000511
setl_641455_000512,payment,pay_139286_000512,order_109717_000512,batch_670792_000010,UTR202401193916715,416031,0,407196,7488,1347,2024-01-19T20:45:00,Payment settlement for pay_139286_000512
setl_525556_000513,payment,pay_451317_000513,order_398384_000513,batch_670792_000010,UTR202401193916715,384845,0,376672,6927,1246,2024-01-19T20:45:00,Payment settlement for pay_451317_000513
setl_470040_000514,payment,pay_617904_000514,order_240718_000514,batch_670792_000010,UTR202401193916715,345377,0,338043,6216,1118,2024-01-19T20:45:00,Payment settlement for pay_617904_000514
setl_956934_000515,payment,pay_302177_000515,order_948102_000515,batch_670792_000010,UTR202401193916715,31298,0,30634,563,101,2024-01-19T20:45:00,Payment settlement for pay_302177_000515
setl_461792_000516,payment,pay_581206_000516,order_779776_000516,batch_670792_000010,UTR202401193916715,597621,0,584928,10757,1936,2024-01-19T20:45:00,Payment settlement for pay_581206_000516
setl_610511_000517,payment,pay_872399_000517,order_453487_000517,batch_670792_000010,UTR202401193916715,84420,0,82628,1519,273,2024-01-19T20:45:00,Payment settlement for pay_872399_000517
setl_931161_000518,payment,pay_894068_000518,order_302544_000518,batch_670792_000010,UTR202401193916715,434876,0,425641,7827,1408,2024-01-19T20:45:00,Payment settlement for pay_894068_000518
setl_605529_000519,payment,pay_525187_000519,order_967161_000519,batch_670792_000010,UTR202401193916715,271928,0,266154,4894,880,2024-01-19T20:45:00,Payment settlement for pay_525187_000519
setl_733561_000520,payment,pay_520304_000520,order_801765_000520,batch_670792_000010,UTR202401193916715,28430,0,27828,511,91,2024-01-19T20:45:00,Payment settlement for pay_520304_000520
setl_106918_000521,payment,pay_439320_000521,order_360096_000521,batch_670792_000010,UTR202401193916715,60275,0,58996,1084,195,2024-01-19T20:45:00,Payment settlement for pay_439320_000521
setl_626214_000522,payment,pay_568436_000522,order_890371_000522,batch_670792_000010,UTR202401193916715,49576,0,48524,892,160,2024-01-19T20:45:00,Payment settlement for pay_568436_000522
setl_245718_000523,payment,pay_857997_000523,order_700705_000523,batch_670792_000010,UTR202401193916715,95679,0,93648,1722,309,2024-01-19T20:45:00,Payment settlement for pay_857997_000523
setl_561267_000524,payment,pay_826420_000524,order_347781_000524,batch_670792_000010,UTR202401193916715,561983,0,550048,10115,1820,2024-01-19T20:45:00,Payment settlement for pay_826420_000524
setl_273650_000525,payment,pay_421709_000525,order_267475_000525,batch_670792_000010,UTR202401193916715,763465,0,747250,13742,2473,2024-01-19T20:45:00,Payment settlement for pay_421709_000525
setl_341162_000526,payment,pay_837733_000526,order_907236_000526,batch_670792_000010,UTR202401193916715,561559,0,549632,10108,1819,2024-01-19T20:45:00,Payment settlement for pay_837733_000526
setl_180832_000527,payment,pay_409369_000527,order_485397_000527,batch_670792_000010,UTR202401193916715,38721,0,37900,696,125,2024-01-19T20:45:00,Payment settlement for pay_409369_000527
setl_639535_000528,payment,pay_601410_000528,order_260626_000528,batch_670792_000010,UTR202401193916715,817581,0,800217,14716,2648,2024-01-19T20:45:00,Payment settlement for pay_601410_000528
setl_774734_000529,payment,pay_536045_000529,order_836038_000529,batch_670792_000010,UTR202401193916715,497069,0,486512,8947,1610,2024-01-19T20:45:00,Payment settlement for pay_536045_000529
setl_394450_000530,payment,pay_940952_000530,order_796353_000530,batch_670792_000010,UTR202401193916715,42435,0,41535,763,137,2024-01-19T20:45:00,Payment settlement for pay_940952_000530
setl_321791_000531,payment,pay_891401_000531,order_724756_000531,batch_670792_000010,UTR202401193916715,78879,0,77205,1419,255,2024-01-19T20:45:00,Payment settlement for pay_891401_000531
setl_257538_000532,payment,pay_653829_000532,order_837952_000532,batch_670792_000010,UTR202401193916715,83946,0,82164,1511,271,2024-01-19T20:45:00,Payment settlement for pay_653829_000532
setl_295984_000533,payment,pay_164758_000533,order_969032_000533,batch_670792_000010,UTR202401193916715,205988,0,201614,3707,667,2024-01-19T20:45:00,Payment settlement for pay_164758_000533
setl_265001_000534,payment,pay_662728_000534,order_257131_000534,batch_670792_000010,UTR202401193916715,78202,0,76542,1407,253,2024-01-19T20:45:00,Payment settlement for pay_662728_000534
setl_479818_000535,payment,pay_221886_000535,order_813341_000535,batch_670792_000010,UTR202401193916715,805737,0,788624,14503,2610,2024-01-19T20:45:00,Payment settlement for pay_221886_000535
setl_731264_000536,payment,pay_195359_000536,order_635167_000536,batch_670792_000010,UTR202401193916715,69432,0,67959,1249,224,2024-01-19T20:45:00,Payment settlement for pay_195359_000536
setl_852146_000537,payment,pay_638179_000537,order_535604_000537,batch_670792_000010,UTR202401193916715,130270,0,127505,2344,421,2024-01-19T20:45:00,Payment settlement for pay_638179_000537
setl_956639_000538,payment,pay_584838_000538,order_805448_000538,batch_670792_000010,UTR202401193916715,12853,0,12581,231,41,2024-01-19T20:45:00,Payment settlement for pay_584838_000538
setl_224078_000539,payment,pay_366817_000539,order_956113_000539,batch_670792_000010,UTR202401193916715,614243,0,601197,11056,1990,2024-01-19T20:45:00,Payment settlement for pay_366817_000539
setl_793223_000540,payment,pay_176577_000540,order_147489_000540,batch_670792_000010,UTR202401193916715,18357,0,17968,330,59,2024-01-19T20:45:00,Payment settlement for pay_176577_000540
setl_341535_000541,payment,pay_163182_000541,order_172371_000541,batch_670792_000010,UTR202401193916715,47629,0,46618,857,154,2024-01-19T20:45:00,Payment settlement for pay_163182_000541
setl_534753_000542,payment,pay_288724_000542,order_906325_000542,batch_670792_000010,UTR202401193916715,836343,0,818580,15054,2709,2024-01-19T20:45:00,Payment settlement for pay_288724_000542
setl_950576_000543,payment,pay_777255_000543,order_540781_000543,batch_670792_000010,UTR202401193916715,68790,0,67330,1238,222,2024-01-19T20:45:00,Payment settlement for pay_777255_000543
setl_446265_000544,payment,pay_495833_000544,order_493892_000544,batch_670792_000010,UTR202401193916715,846969,0,828980,15245,2744,2024-01-19T20:45:00,Payment settlement for pay_495833_000544
setl_855242_000545,payment,pay_665497_000545,order_239449_000545,batch_670792_000010,UTR202401193916715,25549,0,25008,459,82,2024-01-19T20:45:00,Payment settlement for pay_665497_000545
setl_218844_000546,payment,pay_663356_000546,order_512151_000546,batch_670792_000010,UTR202401193916715,39188,0,38357,705,126,2024-01-19T20:45:00,Payment settlement for pay_663356_000546
setl_604906_000547,payment,pay_103642_000547,order_892911_000547,batch_670792_000010,UTR202401193916715,70686,0,69186,1272,228,2024-01-19T20:45:00,Payment settlement for pay_103642_000547
setl_808029_000548,payment,pay_854024_000548,order_670892_000548,batch_670792_000010,UTR202401193916715,298850,0,292503,5379,968,2024-01-19T20:45:00,Payment settlement for pay_854024_000548
setl_602073_000549,payment,pay_340820_000549,order_359535_000549,batch_670792_000010,UTR202401193916715,30332,0,29689,545,98,2024-01-19T20:45:00,Payment settlement for pay_340820_000549
setl_123536_000550,payment,pay_297636_000550,order_860242_000550,batch_973846_000011,UTR202401207893744,14222,0,13922,255,45,2024-01-20T09:12:00,Payment settlement for pay_297636_000550
setl_355506_000551,payment,pay_792267_000551,order_539605_000551,batch_973846_000011,UTR202401207893744,990858,0,969813,17835,3210,2024-01-20T09:12:00,Payment settlement for pay_792267_000551
setl_145240_000552,payment,pay_116405_000552,order_352356_000552,batch_973846_000011,UTR202401207893744,23224,0,22731,418,75,2024-01-20T09:12:00,Payment settlement for pay_116405_000552
setl_234097_000553,payment,pay_135207_000553,order_568127_000553,batch_973846_000011,UTR202401207893744,868724,0,850273,15637,2814,2024-01-20T09:12:00,Payment settlement for pay_135207_000553
setl_701344_000554,payment,pay_151040_000554,order_356622_000554,batch_973846_000011,UTR202401207893744,62725,0,61393,1129,203,2024-01-20T09:12:00,Payment settlement for pay_151040_000554
setl_721121_000555,payment,pay_345722_000555,order_665979_000555,batch_973846_000011,UTR202401207893744,952843,0,932605,17151,3087,2024-01-20T09:12:00,Payment settlement for pay_345722_000555
setl_268956_000556,payment,pay_159185_000556,order_246942_000556,batch_973846_000011,UTR202401207893744,40692,0,39829,732,131,2024-01-20T09:12:00,Payment settlement for pay_159185_000556
setl_241268_000557,payment,pay_867051_000557,order_704095_000557,batch_973846_000011,UTR202401207893744,413481,0,404700,7442,1339,2024-01-20T09:12:00,Payment settlement for pay_867051_000557
setl_760120_000558,payment,pay_805200_000558,order_958136_000558,batch_973846_000011,UTR202401207893744,49552,0,48501,891,160,2024-01-20T09:12:00,Payment settlement for pay_805200_000558
setl_637544_000559,payment,pay_250219_000559,order_792282_000559,batch_973846_000011,UTR202401207893744,64206,0,62844,1155,207,2024-01-20T09:12:00,Payment settlement for pay_250219_000559
setl_141094_000560,payment,pay_388519_000560,order_163918_000560,batch_973846_000011,UTR202401207893744,485462,0,475152,8738,1572,2024-01-20T09:12:00,Payment settlement for pay_388519_000560
setl_700067_000561,payment,pay_283640_000561,order_756401_000561,batch_973846_000011,UTR202401207893744,391425,0,383112,7045,1268,2024-01-20T09:12:00,Payment settlement for pay_283640_000561
setl_253999_000562,payment,pay_149161_000562,order_461145_000562,batch_973846_000011,UTR202401207893744,699834,0,684970,12597,2267,2024-01-20T09:12:00,Payment settlement for pay_149161_000562
setl_158627_000563,payment,pay_649939_000563,order_434217_000563,batch_973846_000011,UTR202401207893744,314045,0,307376,5652,1017,2024-01-20T09:12:00,Payment settlement for pay_649939_000563
setl_274421_000564,payment,pay_414455_000564,order_494747_000564,batch_973846_000011,UTR202401207893744,782029,0,765420,14076,2533,2024-01-20T09:12:00,Payment settlement for pay_414455_000564
setl_370804_000565,payment,pay_352673_000565,order_990598_000565,batch_973846_000011,UTR202401207893744,28920,0,28307,520,93,2024-01-20T09:12:00,Payment settlement for pay_352673_000565
setl_288783_000566,payment,pay_585517_000566,order_160423_000566,batch_973846_000011,UTR202401207893744,318370,0,311609,5730,1031,2024-01-20T09:12:00,Payment settlement for pay_585517_000566
setl_641737_000567,payment,pay_655736_000567,order_240606_000567,batch_973846_000011,UTR202401207893744,43422,0,42501,781,140,2024-01-20T09:12:00,Payment settlement for pay_655736_000567
setl_525151_000568,payment,pay_446305_000568,order_778120_000568,batch_973846_000011,UTR202401207893744,294551,0,288296,5301,954,2024-01-20T09:12:00,Payment settlement for pay_446305_000568
setl_728471_000569,payment,pay_661654_000569,order_859782_000569,batch_973846_000011,UTR202401207893744,16755,0,16400,301,54,2024-01-20T09:12:00,Payment settlement for pay_661654_000569
setl_690982_000570,payment,pay_495489_000570,order_806396_000570,batch_973846_000011,UTR202401207893744,120734,0,118170,2173,391,2024-01-20T09:12:00,Payment settlement for pay_495489_000570
setl_768595_000571,payment,pay_176319_000571,order_297303_000571,batch_973846_000011,UTR202401207893744,808063,0,790900,14545,2618,2024-01-20T09:12:00,Payment settlement for pay_176319_000571
setl_119524_000572,payment,pay_804066_000572,order_685997_000572,batch_973846_000011,UTR202401207893744,209518,0,205069,3771,678,2024-01-20T09:12:00,Payment settlement for pay_804066_000572
setl_854500_000573,payment,pay_449138_000573,order_417915_000573,batch_973846_000011,UTR202401207893744,34906,0,34165,628,113,2024-01-20T09:12:00,Payment settlement for pay_449138_000573
setl_863336_000574,payment,pay_223014_000574,order_883159_000574,batch_973846_000011,UTR202401207893744,227188,0,222363,4089,736,2024-01-20T09:12:00,Payment settlement for pay_223014_000574
setl_793889_000575,payment,pay_733760_000575,order_837954_000575,batch_973846_000011,UTR202401207893744,225478,0,220690,4058,730,2024-01-20T09:12:00,Payment settlement for pay_733760_000575
setl_961198_000576,payment,pay_437237_000576,order_913185_000576,batch_973846_000011,UTR202401207893744,71112,0,69602,1280,230,2024-01-20T09:12:00,Payment settlement for pay_437237_000576
setl_397223_000577,payment,pay_780233_000577,order_476710_000577,batch_973846_000011,UTR202401207893744,57139,0,55926,1028,185,2024-01-20T09:12:00,Payment settlement for pay_780233_000577
setl_189913_000578,payment,pay_621433_000578,order_588640_000578,batch_973846_000011,UTR202401207893744,746148,0,730301,13430,2417,2024-01-20T09:12:00,Payment settlement for pay_621433_000578
setl_327114_000579,payment,pay_980521_000579,order_435788_000579,batch_973846_000011,UTR202401207893744,51015,0,49932,918,165,2024-01-20T09:12:00,Payment settlement for pay_980521_000579
setl_571023_000580,payment,pay_147936_000580,order_689849_000580,batch_973846_000011,UTR202401207893744,576505,0,564261,10377,1867,2024-01-20T09:12:00,Payment settlement for pay_147936_000580
setl_735988_000581,payment,pay_373441_000581,order_680189_000581,batch_973846_000011,UTR202401207893744,477493,0,467353,8594,1546,2024-01-20T09:12:00,Payment settlement for pay_373441_000581
setl_594312_000582,payment,pay_409531_000582,order_259814_000582,batch_973846_000011,UTR202401207893744,40149,0,39298,722,129,2024-01-20T09:12:00,Payment settlement for pay_409531_000582
setl_605065_000583,payment,pay_697467_000583,order_973844_000583,batch_973846_000011,UTR202401207893744,388695,0,380440,6996,1259,2024-01-20T09:12:00,Payment settlement for pay_697467_000583
setl_278852_000584,payment,pay_818113_000584,order_453961_000584,batch_973846_000011,UTR202401207893744,930750,0,910982,16753,3015,2024-01-20T09:12:00,Payment settlement for pay_818113_000584
setl_330019_000585,payment,pay_858705_000585,order_772865_000585,batch_973846_000011,UTR202401207893744,341607,0,334353,6148,1106,2024-01-20T09:12:00,Payment settlement for pay_858705_000585
setl_970699_000586,payment,pay_868367_000586,order_933592_000586,batch_973846_000011,UTR202401207893744,28344,0,27743,510,91,2024-01-20T09:12:00,Payment settlement for pay_868367_000586
setl_530720_000587,payment,pay_673095_000587,order_612036_000587,batch_973846_000011,UTR202401207893744,436492,0,427222,7856,1414,2024-01-20T09:12:00,Payment settlement for pay_673095_000587
setl_730025_000588,payment,pay_649395_000588,order_135466_000588,batch_973846_000011,UTR202401207893744,97584,0,95512,1756,316,2024-01-20T09:12:00,Payment settlement for pay_649395_000588
setl_249644_000589,payment,pay_901467_000589,order_106693_000589,batch_973846_000011,UTR202401207893744,92667,0,90699,1668,300,2024-01-20T09:12:00,Payment settlement for pay_901467_000589
setl_933215_000590,payment,pay_171269_000590,order_841521_000590,batch_973846_000011,UTR202401207893744,38668,0,37847,696,125,2024-01-20T09:12:00,Payment settlement for pay_171269_000590
setl_710948_000591,payment,pay_578160_000591,order_491329_000591,batch_973846_000011,UTR202401207893744,434353,0,425128,7818,1407,2024-01-20T09:12:00,Payment settlement for pay_578160_000591
setl_960307_000592,payment,pay_746467_000592,order_606676_000592,batch_973846_000011,UTR202401207893744,108247,0,105949,1948,350,2024-01-20T09:12:00,Payment settlement for pay_746467_000592
setl_904771_000593,payment,pay_658065_000593,order_678440_000593,batch_973846_000011,UTR202401207893744,12192,0,11934,219,39,2024-01-20T09:12:00,Payment settlement for pay_658065_000593
setl_290719_000594,payment,pay_857273_000594,order_388086_000594,batch_973846_000011,UTR202401207893744,12246,0,11987,220,39,2024-01-20T09:12:00,Payment settlement for pay_857273_000594
setl_753484_000595,payment,pay_952657_000595,order_831758_000595,batch_973846_000011,UTR202401207893744,193987,0,189868,3491,628,2024-01-20T09:12:00,Payment settlement for pay_952657_000595
setl_791691_000596,payment,pay_200992_000596,order_649857_000596,batch_973846_000011,UTR202401207893744,35156,0,34411,632,113,2024-01-20T09:12:00,Payment settlement for pay_200992_000596
setl_635617_000597,payment,pay_652029_000597,order_364679_000597,batch_973846_000011,UTR202401207893744,45038,0,44083,810,145,2024-01-20T09:12:00,Payment settlement for pay_652029_000597
setl_377370_000598,payment,pay_516176_000598,order_182857_000598,batch_973846_000011,UTR202401207893744,340647,0,333413,6131,1103,2024-01-20T09:12:00,Payment settlement for pay_516176_000598
setl_275868_000599,payment,pay_355021_000599,order_831105_000599,batch_973846_000011,UTR202401207893744,99658,0,97543,1793,322,2024-01-20T09:12:00,Payment settlement for pay_355021_000599
setl_340977_000600,payment,pay_989053_000600,order_184532_000600,batch_719284_000012,UTR202401222154992,498241,0,487659,8968,1614,2024-01-22T19:21:00,Payment settlement for pay_989053_000600
setl_496583_000601,payment,pay_198042_000601,order_524965_000601,batch_719284_000012,UTR202401222154992,82443,0,80694,1483,266,2024-01-22T19:21:00,Payment settlement for pay_198042_000601
setl_504186_000602,payment,pay_158840_000602,order_767678_000602,batch_719284_000012,UTR202401222154992,589854,0,577326,10617,1911,2024-01-22T19:21:00,Payment settlement for pay_158840_000602
setl_238635_000603,payment,pay_624139_000603,order_986392_000603,batch_719284_000012,UTR202401222154992,273681,0,267869,4926,886,2024-01-22T19:21:00,Payment settlement for pay_624139_000603
setl_213844_000604,payment,pay_999636_000604,order_199994_000604,batch_719284_000012,UTR202401222154992,40115,0,39264,722,129,2024-01-22T19:21:00,Payment settlement for pay_999636_000604
setl_117367_000605,payment,pay_825916_000605,order_694316_000605,batch_719284_000012,UTR202401222154992,16102,0,15761,289,52,2024-01-22T19:21:00,Payment settlement for pay_825916_000605
setl_312177_000606,payment,pay_177959_000606,order_817675_000606,batch_719284_000012,UTR202401222154992,395441,0,387043,7117,1281,2024-01-22T19:21:00,Payment settlement for pay_177959_000606
setl_648102_000607,payment,pay_134500_000607,order_288066_000607,batch_719284_000012,UTR202401222154992,12052,0,11798,216,38,2024-01-22T19:21:00,Payment settlement for pay_134500_000607
setl_628859_000608,payment,pay_715551_000608,order_251195_000608,batch_719284_000012,UTR202401222154992,930389,0,910628,16747,3014,2024-01-22T19:21:00,Payment settlement for pay_715551_000608
setl_817611_000609,payment,pay_180674_000609,order_413814_000609,batch_719284_000012,UTR202401222154992,226076,0,221275,4069,732,2024-01-22T19:21:00,Payment settlement for pay_180674_000609
setl_540186_000610,payment,pay_975194_000610,order_990704_000610,batch_719284_000012,UTR202401222154992,970037,0,949435,17460,3142,2024-01-22T19:21:00,Payment settlement for pay_975194_000610
setl_966662_000611,payment,pay_447843_000611,order_502491_000611,batch_719284_000012,UTR202401222154992,573374,0,561197,10320,1857,2024-01-22T19:21:00,Payment settlement for pay_447843_000611
setl_256826_000612,payment,pay_822794_000612,order_859340_000612,batch_719284_000012,UTR202401222154992,490833,0,480409,8834,1590,2024-01-22T19:21:00,Payment settlement for pay_822794_000612
setl_734924_000613,payment,pay_156304_000613,order_202430_000613,batch_719284_000012,UTR202401222154992,19963,0,19540,359,64,2024-01-22T19:21:00,Payment settlement for pay_156304_000613
setl_200976_000614,payment,pay_734565_000614,order_906360_000614,batch_719284_000012,UTR202401222154992,307986,0,301446,5543,997,2024-01-22T19:21:00,Payment settlement for pay_734565_000614
setl_286040_000615,payment,pay_442230_000615,order_131064_000615,batch_719284_000012,UTR202401222154992,69054,0,67589,1242,223,2024-01-22T19:21:00,Payment settlement for pay_442230_000615
setl_598985_000616,payment,pay_339220_000616,order_473095_000616,batch_719284_000012,UTR202401222154992,66603,0,65190,1198,215,2024-01-22T19:21:00,Payment settlement for pay_339220_000616
setl_744610_000617,payment,pay_812711_000617,order_714334_000617,batch_719284_000012,UTR202401222154992,21232,0,20782,382,68,2024-01-22T19:21:00,Payment settlement for pay_812711_000617
setl_728950_000618,payment,pay_748665_000618,order_409727_000618,batch_719284_000012,UTR202401222154992,19634,0,19218,353,63,2024-01-22T19:21:00,Payment settlement for pay_748665_000618
setl_140932_000619,payment,pay_380989_000619,order_261712_000619,batch_719284_000012,UTR202401222154992,910984,0,891636,16397,2951,2024-01-22T19:21:00,Payment settlement for pay_380989_000619
setl_921945_000620,payment,pay_261771_000620,order_875584_000620,batch_719284_000012,UTR202401222154992,57277,0,56062,1030,185,2024-01-22T19:21:00,Payment settlement for pay_261771_000620
setl_657244_000621,payment,pay_195966_000621,order_105447_000621,batch_719284_000012,UTR202401222154992,288700,0,282569,5196,935,2024-01-22T19:21:00,Payment settlement for pay_195966_000621
setl_627778_000622,payment,pay_382870_000622,order_207197_000622,batch_719284_000012,UTR202401222154992,34561,0,33828,622,111,2024-01-22T19:21:00,Payment settlement for pay_382870_000622
setl_888930_000623,payment,pay_570646_000623,order_684041_000623,batch_719284_000012,UTR202401222154992,313932,0,307265,5650,1017,2024-01-22T19:21:00,Payment settlement for pay_570646_000623
setl_223224_000624,payment,pay_127537_000624,order_193972_000624,batch_719284_000012,UTR202401222154992,148792,0,145632,2678,482,2024-01-22T19:21:00,Payment settlement for pay_127537_000624
setl_197716_000625,payment,pay_727094_000625,order_922543_000625,batch_719284_000012,UTR202401222154992,11617,0,11371,209,37,2024-01-22T19:21:00,Payment settlement for pay_727094_000625
setl_605666_000626,payment,pay_533911_000626,order_506637_000626,batch_719284_000012,UTR202401222154992,83339,0,81569,1500,270,2024-01-22T19:21:00,Payment settlement for pay_533911_000626
setl_791423_000627,payment,pay_354533_000627,order_699743_000627,batch_719284_000012,UTR202401222154992,99825,0,97706,1796,323,2024-01-22T19:21:00,Payment settlement for pay_354533_000627
setl_236659_000628,payment,pay_277735_000628,order_245584_000628,batch_719284_000012,UTR202401222154992,45180,0,44221,813,146,2024-01-22T19:21:00,Payment settlement for pay_277735_000628
setl_732789_000629,payment,pay_253023_000629,order_166340_000629,batch_719284_000012,UTR202401222154992,244683,0,239487,4404,792,2024-01-22T19:21:00,Payment settlement for pay_253023_000629
setl_665482_000630,payment,pay_414313_000630,order_607753_000630,batch_719284_000012,UTR202401222154992,57333,0,56117,1031,185,2024-01-22T19:21:00,Payment settlement for pay_414313_000630
setl_967719_000631,payment,pay_358568_000631,order_855917_000631,batch_719284_000012,UTR202401222154992,411325,0,402590,7403,1332,2024-01-22T19:21:00,Payment settlement for pay_358568_000631
setl_101258_000632,payment,pay_305047_000632,order_580102_000632,batch_719284_000012,UTR202401222154992,49932,0,48873,898,161,2024-01-22T19:21:00,Payment settlement for pay_305047_000632
setl_912510_000633,payment,pay_514913_000633,order_448354_000633,batch_719284_000012,UTR202401222154992,299171,0,292817,5385,969,2024-01-22T19:21:00,Payment settlement for pay_514913_000633
setl_811521_000634,payment,pay_445549_000634,order_561607_000634,batch_719284_000012,UTR202401222154992,441330,0,431958,7943,1429,2024-01-22T19:21:00,Payment settlement for pay_445549_000634
setl_780768_000635,payment,pay_242736_000635,order_415029_000635,batch_719284_000012,UTR202401222154992,464533,0,454668,8361,1504,2024-01-22T19:21:00,Payment settlement for pay_242736_000635
setl_552457_000636,payment,pay_602278_000636,order_429445_000636,batch_719284_000012,UTR202401222154992,267320,0,261644,4811,865,2024-01-22T19:21:00,Payment settlement for pay_602278_000636
setl_647403_000637,payment,pay_870571_000637,order_828716_000637,batch_719284_000012,UTR202401222154992,401926,0,393390,7234,1302,2024-01-22T19:21:00,Payment settlement for pay_870571_000637
setl_541119_000638,payment,pay_354200_000638,order_441716_000638,batch_719284_000012,UTR202401222154992,61502,0,60196,1107,199,2024-01-22T19:21:00,Payment settlement for pay_354200_000638
setl_488368_000639,payment,pay_219420_000639,order_691240_000639,batch_719284_000012,UTR202401222154992,386066,0,377867,6949,1250,2024-01-22T19:21:00,Payment settlement for pay_219420_000639
setl_145548_000640,payment,pay_814827_000640,order_904905_000640,batch_719284_000012,UTR202401222154992,70505,0,69008,1269,228,2024-01-22T19:21:00,Payment settlement for pay_814827_000640
setl_831531_000641,payment,pay_842776_000641,order_319832_000641,batch_719284_000012,UTR202401222154992,19064,0,18660,343,61,2024-01-22T19:21:00,Payment settlement for pay_842776_000641
setl_655552_000642,payment,pay_988970_000642,order_934306_000642,batch_719284_000012,UTR202401222154992,452834,0,443216,8151,1467,2024-01-22T19:21:00,Payment settlement for pay_988970_000642
setl_549793_000643,payment,pay_245939_000643,order_764100_000643,batch_719284_000012,UTR202401222154992,43119,0,42204,776,139,2024-01-22T19:21:00,Payment settlement for pay_245939_000643
setl_340633_000644,payment,pay_261630_000644,order_849979_000644,batch_719284_000012,UTR202401222154992,19694,0,19277,354,63,2024-01-22T19:21:00,Payment settlement for pay_261630_000644
setl_941272_000645,payment,pay_726979_000645,order_602514_000645,batch_719284_000012,UTR202401222154992,380162,0,372089,6842,1231,2024-01-22T19:21:00,Payment settlement for pay_726979_000645
setl_605543_000646,payment,pay_825309_000646,order_538620_000646,batch_719284_000012,UTR202401222154992,57124,0,55911,1028,185,2024-01-22T19:21:00,Payment settlement for pay_825309_000646
setl_927909_000647,payment,pay_951755_000647,order_662986_000647,batch_719284_000012,UTR202401222154992,144555,0,141486,2601,468,2024-01-22T19:21:00,Payment settlement for pay_951755_000647
setl_906010_000648,payment,pay_906306_000648,order_360289_000648,batch_719284_000012,UTR202401222154992,686126,0,671553,12350,2223,2024-01-22T19:21:00,Payment settlement for pay_906306_000648
setl_499755_000649,payment,pay_778428_000649,order_742439_000649,batch_719284_000012,UTR202401222154992,438182,0,428876,7887,1419,2024-01-22T19:21:00,Payment settlement for pay_778428_000649
setl_903061_000650,payment,pay_778159_000650,order_519029_000650,batch_366881_000013,UTR202401249005101,66420,0,65010,1195,215,2024-01-24T00:57:00,Payment settlement for pay_778159_000650
setl_343807_000651,payment,pay_111060_000651,order_203396_000651,batch_366881_000013,UTR202401249005101,76935,0,75302,1384,249,2024-01-24T00:57:00,Payment settlement for pay_111060_000651
setl_187889_000652,payment,pay_643998_000652,order_685098_000652,batch_366881_000013,UTR202401249005101,801589,0,784564,14428,2597,2024-01-24T00:57:00,Payment settlement for pay_643998_000652
setl_397026_000653,payment,pay_567432_000653,order_492292_000653,batch_366881_000013,UTR202401249005101,456282,0,446591,8213,1478,2024-01-24T00:57:00,Payment settlement for pay_567432_000653
setl_727354_000654,payment,pay_823975_000654,order_624776_000654,batch_366881_000013,UTR202401249005101,13219,0,12940,237,42,2024-01-24T00:57:00,Payment settlement for pay_823975_000654
setl_670143_000655,payment,pay_209627_000655,order_409783_000655,batch_366881_000013,UTR202401249005101,25213,0,24679,453,81,2024-01-24T00:57:00,Payment settlement for pay_209627_000655
setl_528497_000656,payment,pay_865618_000656,order_248557_000656,batch_366881_000013,UTR202401249005101,54966,0,53799,989,178,2024-01-24T00:57:00,Payment settlement for pay_865618_000656
setl_370328_000657,payment,pay_922366_000657,order_316916_000657,batch_366881_000013,UTR202401249005101,282609,0,276608,5086,915,2024-01-24T00:57:00,Payment settlement for pay_922366_000657
setl_298202_000658,payment,pay_202365_000658,order_559450_000658,batch_366881_000013,UTR202401249005101,737212,0,721555,13269,2388,2024-01-24T00:57:00,Payment settlement for pay_202365_000658
setl_105735_000659,payment,pay_170437_000659,order_414849_000659,batch_366881_000013,UTR202401249005101,560337,0,548436,10086,1815,2024-01-24T00:57:00,Payment settlement for pay_170437_000659
setl_843596_000660,payment,pay_990429_000660,order_459743_000660,batch_366881_000013,UTR202401249005101,98754,0,96658,1777,319,2024-01-24T00:57:00,Payment settlement for pay_990429_000660
setl_879769_000661,payment,pay_272337_000661,order_876459_000661,batch_366881_000013,UTR202401249005101,191463,0,187397,3446,620,2024-01-24T00:57:00,Payment settlement for pay_272337_000661
setl_927769_000662,payment,pay_267914_000662,order_447067_000662,batch_366881_000013,UTR202401249005101,342249,0,334981,6160,1108,2024-01-24T00:57:00,Payment settlement for pay_267914_000662
setl_107459_000663,payment,pay_936507_000663,order_524723_000663,batch_366881_000013,UTR202401249005101,34430,0,33700,619,111,2024-01-24T00:57:00,Payment settlement for pay_936507_000663
setl_706063_000664,payment,pay_789237_000664,order_553125_000664,batch_366881_000013,UTR202401249005101,90492,0,88571,1628,293,2024-01-24T00:57:00,Payment settlement for pay_789237_000664
setl_647923_000665,payment,pay_306909_000665,order_571413_000665,batch_366881_000013,UTR202401249005101,303861,0,297408,5469,984,2024-01-24T00:57:00,Payment settlement for pay_306909_000665
setl_223552_000666,payment,pay_838968_000666,order_325230_000666,batch_366881_000013,UTR202401249005101,18200,0,17815,327,58,2024-01-24T00:57:00,Payment settlement for pay_838968_000666
setl_645009_000667,payment,pay_206694_000667,order_938338_000667,batch_366881_000013,UTR202401249005101,57945,0,56715,1043,187,2024-01-24T00:57:00,Payment settlement for pay_206694_000667
setl_107543_000668,payment,pay_306647_000668,order_579776_000668,batch_366881_000013,UTR202401249005101,97910,0,95831,1762,317,2024-01-24T00:57:00,Payment settlement for pay_306647_000668
setl_493247_000669,payment,pay_613261_000669,order_653349_000669,batch_366881_000013,UTR202401249005101,88246,0,86373,1588,285,2024-01-24T00:57:00,Payment settlement for pay_613261_000669
setl_786341_000670,payment,pay_741003_000670,order_511612_000670,batch_366881_000013,UTR202401249005101,55603,0,54423,1000,180,2024-01-24T00:57:00,Payment settlement for pay_741003_000670
setl_315397_000671,payment,pay_986589_000671,order_580101_000671,batch_366881_000013,UTR202401249005101,98288,0,96201,1769,318,2024-01-24T00:57:00,Payment settlement for pay_986589_000671
setl_821175_000672,payment,pay_939503_000672,order_411893_000672,batch_366881_000013,UTR202401249005101,144434,0,141368,2599,467,2024-01-24T00:57:00,Payment settlement for pay_939503_000672
setl_943356_000673,payment,pay_240454_000673,order_428399_000673,batch_366881_000013,UTR202401249005101,50026,0,48964,900,162,2024-01-24T00:57:00,Payment settlement for pay_240454_000673
setl_431246_000674,payment,pay_291936_000674,order_491439_000674,batch_366881_000013,UTR202401249005101,76954,0,75320,1385,249,2024-01-24T00:57:00,Payment settlement for pay_291936_000674
setl_528705_000675,payment,pay_538555_000675,order_725397_000675,batch_366881_000013,UTR202401249005101,301174,0,294778,5421,975,2024-01-24T00:57:00,Payment settlement for pay_538555_000675
setl_479867_000676,payment,pay_294776_000676,order_610310_000676,batch_366881_000013,UTR202401249005101,463558,0,453713,8344,1501,2024-01-24T00:57:00,Payment settlement for pay_294776_000676
setl_211760_000677,payment,pay_776604_000677,order_281649_000677,batch_366881_000013,UTR202401249005101,74178,0,72603,1335,240,2024-01-24T00:57:00,Payment settlement for pay_776604_000677
setl_262297_000678,payment,pay_247111_000678,order_296187_000678,batch_366881_000013,UTR202401249005101,424749,0,415728,7645,1376,2024-01-24T00:57:00,Payment settlement for pay_247111_000678
setl_546768_000679,payment,pay_476479_000679,order_110048_000679,batch_366881_000013,UTR202401249005101,35575,0,34820,640,115,2024-01-24T00:57:00,Payment settlement for pay_476479_000679
setl_783226_000680,payment,pay_502594_000680,order_688861_000680,batch_366881_000013,UTR202401249005101,359506,0,351871,6471,1164,2024-01-24T00:57:00,Payment settlement for pay_502594_000680
setl_713805_000681,payment,pay_817956_000681,order_615611_000681,batch_366881_000013,UTR202401249005101,940345,0,920373,16926,3046,2024-01-24T00:57:00,Payment settlement for pay_817956_000681
setl_365953_000682,payment,pay_612438_000682,order_275377_000682,batch_366881_000013,UTR202401249005101,116179,0,113712,2091,376,2024-01-24T00:57:00,Payment settlement for pay_612438_000682
setl_373995_000683,payment,pay_898025_000683,order_331241_000683,batch_366881_000013,UTR202401249005101,46025,0,45048,828,149,2024-01-24T00:57:00,Payment settlement for pay_898025_000683
setl_996508_000684,payment,pay_663723_000684,order_402692_000684,batch_366881_000013,UTR202401249005101,739768,0,724057,13315,2396,2024-01-24T00:57:00,Payment settlement for pay_663723_000684
setl_662146_000685,payment,pay_878586_000685,order_910074_000685,batch_366881_000013,UTR202401249005101,388214,0,379970,6987,1257,2024-01-24T00:57:00,Payment settlement for pay_878586_000685
setl_544136_000686,payment,pay_218710_000686,order_700534_000686,batch_366881_000013,UTR202401249005101,81186,0,79463,1461,262,2024-01-24T00:57:00,Payment settlement for pay_218710_000686
setl_692099_000687,payment,pay_484682_000687,order_668373_000687,batch_366881_000013,UTR202401249005101,521815,0,510733,9392,1690,2024-01-24T00:57:00,Payment settlement for pay_484682_000687
setl_483405_000688,payment,pay_853905_000688,order_562806_000688,batch_366881_000013,UTR202401249005101,65725,0,64330,1183,212,2024-01-24T00:57:00,Payment settlement for pay_853905_000688
setl_741603_000689,payment,pay_871740_000689,order_970392_000689,batch_366881_000013,UTR202401249005101,629777,0,616402,11335,2040,2024-01-24T00:57:00,Payment settlement for pay_871740_000689
setl_388946_000690,payment,pay_133796_000690,order_571578_000690,batch_366881_000013,UTR202401249005101,21401,0,20947,385,69,2024-01-24T00:57:00,Payment settlement for pay_133796_000690
setl_813666_000691,payment,pay_223088_000691,order_913308_000691,batch_366881_000013,UTR202401249005101,37509,0,36713,675,121,2024-01-24T00:57:00,Payment settlement for pay_223088_000691
setl_516760_000692,payment,pay_873443_000692,order_716482_000692,batch_366881_000013,UTR202401249005101,89988,0,88078,1619,291,2024-01-24T00:57:00,Payment settlement for pay_873443_000692
setl_891645_000693,payment,pay_548965_000693,order_274044_000693,batch_366881_000013,UTR202401249005101,37082,0,36295,667,120,2024-01-24T00:57:00,Payment settlement for pay_548965_000693
setl_313588_000694,payment,pay_316995_000694,order_944565_000694,batch_366881_000013,UTR202401249005101,283928,0,277899,5110,919,2024-01-24T00:57:00,Payment settlement for pay_316995_000694
setl_533301_000695,payment,pay_394739_000695,order_725850_000695,batch_366881_000013,UTR202401249005101,52421,0,51309,943,169,2024-01-24T00:57:00,Payment settlement for pay_394739_000695
setl_678923_000696,payment,pay_406849_000696,order_403387_000696,batch_366881_000013,UTR202401249005101,77425,0,75782,1393,250,2024-01-24T00:57:00,Payment settlement for pay_406849_000696
setl_921861_000697,payment,pay_812296_000697,order_954779_000697,batch_366881_000013,UTR202401249005101,63948,0,62590,1151,207,2024-01-24T00:57:00,Payment settlement for pay_812296_000697
setl_684646_000698,payment,pay_162165_000698,order_390794_000698,batch_366881_000013,UTR202401249005101,27392,0,26811,493,88,2024-01-24T00:57:00,Payment settlement for pay_162165_000698
setl_605904_000699,payment,pay_253347_000699,order_845951_000699,batch_366881_000013,UTR202401249005101,98635,0,96541,1775,319,2024-01-24T00:57:00,Payment settlement for pay_253347_000699
setl_911801_000700,payment,pay_613234_000700,order_249077_000700,batch_421549_000014,UTR202401256777340,240885,0,235770,4335,780,2024-01-25T14:25:00,Payment settlement for pay_613234_000700
setl_839764_000701,payment,pay_534346_000701,order_493396_000701,batch_421549_000014,UTR202401256777340,93050,0,91075,1674,301,2024-01-25T14:25:00,Payment settlement for pay_534346_000701
setl_517469_000702,payment,pay_906233_000702,order_197616_000702,batch_421549_000014,UTR202401256777340,493112,0,482639,8876,1597,2024-01-25T14:25:00,Payment settlement for pay_906233_000702
setl_871523_000703,payment,pay_828449_000703,order_486999_000703,batch_421549_000014,UTR202401256777340,271593,0,265826,4888,879,2024-01-25T14:25:00,Payment settlement for pay_828449_000703
setl_244775_000704,payment,pay_102593_000704,order_911739_000704,batch_421549_000014,UTR202401256777340,548833,0,537177,9878,1778,2024-01-25T14:25:00,Payment settlement for pay_102593_000704
setl_996531_000705,payment,pay_580718_000705,order_765678_000705,batch_421549_000014,UTR202401256777340,687811,0,673203,12380,2228,2024-01-25T14:25:00,Payment settlement for pay_580718_000705
setl_791308_000706,payment,pay_166407_000706,order_934328_000706,batch_421549_000014,UTR202401256777340,214205,0,209657,3855,693,2024-01-25T14:25:00,Payment settlement for pay_166407_000706
setl_224870_000707,payment,pay_964915_000707,order_322142_000707,batch_421549_000014,UTR202401256777340,52318,0,51208,941,169,2024-01-25T14:25:00,Payment settlement for pay_964915_000707
setl_884140_000708,payment,pay_397368_000708,order_454161_000708,batch_421549_000014,UTR202401256777340,168468,0,164891,3032,545,2024-01-25T14:25:00,Payment settlement for pay_397368_000708
setl_340932_000709,payment,pay_993829_000709,order_608913_000709,batch_421549_000014,UTR202401256777340,99463,0,97351,1790,322,2024-01-25T14:25:00,Payment settlement for pay_993829_000709
setl_568288_000710,payment,pay_150760_000710,order_148174_000710,batch_421549_000014,UTR202401256777340,340953,0,333712,6137,1104,2024-01-25T14:25:00,Payment settlement for pay_150760_000710
setl_921149_000711,payment,pay_230272_000711,order_999312_000711,batch_421549_000014,UTR202401256777340,339346,0,332139,6108,1099,2024-01-25T14:25:00,Payment settlement for pay_230272_000711
setl_833281_000712,payment,pay_548580_000712,order_312146_000712,batch_421549_000014,UTR202401256777340,95196,0,93175,1713,308,2024-01-25T14:25:00,Payment settlement for pay_548580_000712
setl_269654_000713,payment,pay_266699_000713,order_387330_000713,batch_421549_000014,UTR202401256777340,288971,0,282834,5201,936,2024-01-25T14:25:00,Payment settlement for pay_266699_000713
setl_205149_000714,payment,pay_186424_000714,order_489906_000714,batch_421549_000014,UTR202401256777340,186782,0,182815,3362,605,2024-01-25T14:25:00,Payment settlement for pay_186424_000714
setl_324875_000715,payment,pay_515594_000715,order_755993_000715,batch_421549_000014,UTR202401256777340,866708,0,848300,15600,2808,2024-01-25T14:25:00,Payment settlement for pay_515594_000715
setl_633036_000716,payment,pay_345517_000716,order_550081_000716,batch_421549_000014,UTR202401256777340,22475,0,21999,404,72,2024-01-25T14:25:00,Payment settlement for pay_345517_000716
setl_520018_000717,payment,pay_323788_000717,order_599968_000717,batch_421549_000014,UTR202401256777340,87814,0,85950,1580,284,2024-01-25T14:25:00,Payment settlement for pay_323788_000717
setl_924265_000718,payment,pay_644676_000718,order_813013_000718,batch_421549_000014,UTR202401256777340,11056,0,10822,199,35,2024-01-25T14:25:00,Payment settlement for pay_644676_000718
setl_454877_000719,payment,pay_460263_000719,order_956800_000719,batch_421549_000014,UTR202401256777340,463872,0,454021,8349,1502,2024-01-25T14:25:00,Payment settlement for pay_460263_000719
setl_939756_000720,payment,pay_600905_000720,order_174268_000720,batch_421549_000014,UTR202401256777340,21708,0,21248,390,70,2024-01-25T14:25:00,Payment settlement for pay_600905_000720
setl_677321_000721,payment,pay_945106_000721,order_207402_000721,batch_421549_000014,UTR202401256777340,58177,0,56942,1047,188,2024-01-25T14:25:00,Payment settlement for pay_945106_000721
setl_743852_000722,payment,pay_413791_000722,order_243790_000722,batch_421549_000014,UTR202401256777340,926439,0,906763,16675,3001,2024-01-25T14:25:00,Payment settlement for pay_413791_000722
setl_830917_000723,payment,pay_239613_000723,order_772741_000723,batch_421549_000014,UTR202401256777340,18966,0,18564,341,61,2024-01-25T14:25:00,Payment settlement for pay_239613_000723
setl_817817_000724,payment,pay_690653_000724,order_108886_000724,batch_421549_000014,UTR202401256777340,186044,0,182094,3348,602,2024-01-25T14:25:00,Payment settlement for pay_690653_000724
setl_841122_000725,payment,pay_468247_000725,order_857524_000725,batch_421549_000014,UTR202401256777340,492308,0,481853,8861,1594,2024-01-25T14:25:00,Payment settlement for pay_468247_000725
setl_154581_000726,payment,pay_531709_000726,order_746002_000726,batch_421549_000014,UTR202401256777340,213898,0,209355,3850,693,2024-01-25T14:25:00,Payment settlement for pay_531709_000726
setl_268546_000727,payment,pay_205345_000727,order_246814_000727,batch_421549_000014,UTR202401256777340,87276,0,85424,1570,282,2024-01-25T14:25:00,Payment settlement for pay_205345_000727
setl_508004_000728,payment,pay_502686_000728,order_468611_000728,batch_421549_000014,UTR202401256777340,28327,0,27727,509,91,2024-01-25T14:25:00,Payment settlement for pay_502686_000728
setl_766764_000729,payment,pay_390421_000729,order_775933_000729,batch_421549_000014,UTR202401256777340,82534,0,80782,1485,267,2024-01-25T14:25:00,Payment settlement for pay_390421_000729
setl_105547_000730,payment,pay_729153_000730,order_856211_000730,batch_421549_000014,UTR202401256777340,13515,0,13229,243,43,2024-01-25T14:25:00,Payment settlement for pay_729153_000730
setl_943442_000731,payment,pay_988217_000731,order_790388_000731,batch_421549_000014,UTR202401256777340,77862,0,76209,1401,252,2024-01-25T14:25:00,Payment settlement for pay_988217_000731
setl_195513_000732,payment,pay_634273_000732,order_297810_000732,batch_421549_000014,UTR202401256777340,254949,0,249534,4589,826,2024-01-25T14:25:00,Payment settlement for pay_634273_000732
setl_963245_000733,payment,pay_157219_000733,order_921875_000733,batch_421549_000014,UTR202401256777340,74865,0,73276,1347,242,2024-01-25T14:25:00,Payment settlement for pay_157219_000733
setl_252387_000734,payment,pay_218220_000734,order_352792_000734,batch_421549_000014,UTR202401256777340,411390,0,402653,7405,1332,2024-01-25T14:25:00,Payment settlement for pay_218220_000734
setl_594580_000735,payment,pay_653948_000735,order_112653_000735,batch_421549_000014,UTR202401256777340,27299,0,26720,491,88,2024-01-25T14:25:00,Payment settlement for pay_653948_000735
setl_729402_000736,payment,pay_979727_000736,order_695990_000736,batch_421549_000014,UTR202401256777340,81612,0,79879,1469,264,2024-01-25T14:25:00,Payment settlement for pay_979727_000736
setl_556526_000737,payment,pay_281162_000737,order_899776_000737,batch_421549_000014,UTR202401256777340,538268,0,526837,9688,1743,2024-01-25T14:25:00,Payment settlement for pay_281162_000737
setl_192422_000738,payment,pay_715895_000738,order_170813_000738,batch_421549_000014,UTR202401256777340,38277,0,37466,688,123,2024-01-25T14:25:00,Payment settlement for pay_715895_000738
setl_167193_000739,payment,pay_163406_000739,order_927630_000739,batch_421549_000014,UTR202401256777340,250202,0,244889,4503,810,2024-01-25T14:25:00,Payment settlement for pay_163406_000739
setl_375871_000740,payment,pay_847245_000740,order_625387_000740,batch_421549_000014,UTR202401256777340,322075,0,315235,5797,1043,2024-01-25T14:25:00,Payment settlement for pay_847245_000740
setl_332542_000741,payment,pay_521818_000741,order_186431_000741,batch_421549_000014,UTR202401256777340,381886,0,373776,6873,1237,2024-01-25T14:25:00,Payment settlement for pay_521818_000741
setl_488848_000742,payment,pay_260097_000742,order_390946_000742,batch_421549_000014,UTR202401256777340,20357,0,19926,366,65,2024-01-25T14:25:00,Payment settlement for pay_260097_000742
setl_183927_000743,payment,pay_313068_000743,order_947312_000743,batch_421549_000014,UTR202401256777340,271311,0,265550,4883,878,2024-01-25T14:25:00,Payment settlement for pay_313068_000743
setl_738613_000744,payment,pay_714923_000744,order_765105_000744,batch_421549_000014,UTR202401256777340,457069,0,447362,8227,1480,2024-01-25T14:25:00,Payment settlement for pay_714923_000744
setl_139589_000745,payment,pay_169326_000745,order_425236_000745,batch_421549_000014,UTR202401256777340,482708,0,472457,8688,1563,2024-01-25T14:25:00,Payment settlement for pay_169326_000745
setl_859687_000746,payment,pay_350229_000746,order_160718_000746,batch_421549_000014,UTR202401256777340,66948,0,65527,1205,216,2024-01-25T14:25:00,Payment settlement for pay_350229_000746
setl_502995_000747,payment,pay_575394_000747,order_742039_000747,batch_421549_000014,UTR202401256777340,50539,0,49467,909,163,2024-01-25T14:25:00,Payment settlement for pay_575394_000747
setl_520106_000748,payment,pay_877722_000748,order_790017_000748,batch_421549_000014,UTR202401256777340,25655,0,25112,461,82,2024-01-25T14:25:00,Payment settlement for pay_877722_000748
setl_743789_000749,payment,pay_842287_000749,order_243876_000749,batch_421549_000014,UTR202401256777340,31473,0,30806,566,101,2024-01-25T14:25:00,Payment settlement for pay_842287_000749
setl_771394_000750,payment,pay_463546_000750,order_648410_000750,batch_960072_000015,UTR202401263940561,635920,0,622414,11446,2060,2024-01-26T10:35:00,Payment settlement for pay_463546_000750
setl_618382_000751,payment,pay_489933_000751,order_233096_000751,batch_960072_000015,UTR202401263940561,957944,0,937599,17242,3103,2024-01-26T10:35:00,Payment settlement for pay_489933_000751
setl_560295_000752,payment,pay_868538_000752,order_223791_000752,batch_960072_000015,UTR202401263940561,53910,0,52766,970,174,2024-01-26T10:35:00,Payment settlement for pay_868538_000752
setl_111230_000753,payment,pay_550179_000753,order_385192_000753,batch_960072_000015,UTR202401263940561,44465,0,43521,800,144,2024-01-26T10:35:00,Payment settlement for pay_550179_000753
setl_311505_000754,payment,pay_704663_000754,order_758015_000754,batch_960072_000015,UTR202401263940561,338654,0,331462,6095,1097,2024-01-26T10:35:00,Payment settlement for pay_704663_000754
setl_991884_000755,payment,pay_477617_000755,order_158132_000755,batch_960072_000015,UTR202401263940561,187493,0,183512,3374,607,2024-01-26T10:35:00,Payment settlement for pay_477617_000755
setl_788793_000756,payment,pay_264951_000756,order_367508_000756,batch_960072_000015,UTR202401263940561,85223,0,83413,1534,276,2024-01-26T10:35:00,Payment settlement for pay_264951_000756
setl_942960_000757,payment,pay_857888_000757,order_220936_000757,batch_960072_000015,UTR202401263940561,766770,0,750485,13801,2484,2024-01-26T10:35:00,Payment settlement for pay_857888_000757
setl_643323_000758,payment,pay_146177_000758,order_112884_000758,batch_960072_000015,UTR202401263940561,71835,0,70310,1293,232,2024-01-26T10:35:00,Payment settlement for pay_146177_000758
setl_399899_000759,payment,pay_501583_000759,order_257375_000759,batch_960072_000015,UTR202401263940561,82465,0,80714,1484,267,2024-01-26T10:35:00,Payment settlement for pay_501583_000759
setl_304206_000760,payment,pay_848705_000760,order_876644_000760,batch_960072_000015,UTR202401263940561,217710,0,213087,3918,705,2024-01-26T10:35:00,Payment settlement for pay_848705_000760
setl_135241_000761,payment,pay_360322_000761,order_536476_000761,batch_960072_000015,UTR202401263940561,45554,0,44588,819,147,2024-01-26T10:35:00,Payment settlement for pay_360322_000761
setl_922041_000762,payment,pay_181670_000762,order_699298_000762,batch_960072_000015,UTR202401263940561,75803,0,74194,1364,245,2024-01-26T10:35:00,Payment settlement for pay_181670_000762
setl_728636_000763,payment,pay_155230_000763,order_288056_000763,batch_960072_000015,UTR202401263940561,124079,0,121445,2233,401,2024-01-26T10:35:00,Payment settlement for pay_155230_000763
setl_635348_000764,payment,pay_172274_000764,order_587686_000764,batch_960072_000015,UTR202401263940561,942942,0,922916,16972,3054,2024-01-26T10:35:00,Payment settlement for pay_172274_000764
setl_640869_000765,payment,pay_443199_000765,order_190581_000765,batch_960072_000015,UTR202401263940561,104178,0,101966,1875,337,2024-01-26T10:35:00,Payment settlement for pay_443199_000765
setl_832377_000766,payment,pay_310418_000766,order_405759_000766,batch_960072_000015,UTR202401263940561,91620,0,89675,1649,296,2024-01-26T10:35:00,Payment settlement for pay_310418_000766
setl_342924_000767,payment,pay_586462_000767,order_486162_000767,batch_960072_000015,UTR202401263940561,202457,0,198158,3644,655,2024-01-26T10:35:00,Payment settlement for pay_586462_000767
setl_745073_000768,payment,pay_673108_000768,order_897423_000768,batch_960072_000015,UTR202401263940561,29735,0,29104,535,96,2024-01-26T10:35:00,Payment settlement for pay_673108_000768
setl_277715_000769,payment,pay_529954_000769,order_125071_000769,batch_960072_000015,UTR202401263940561,281625,0,275644,5069,912,2024-01-26T10:35:00,Payment settlement for pay_529954_000769
setl_806765_000770,payment,pay_980357_000770,order_827146_000770,batch_960072_000015,UTR202401263940561,10191,0,9976,183,32,2024-01-26T10:35:00,Payment settlement for pay_980357_000770
setl_137812_000771,payment,pay_789233_000771,order_494552_000771,batch_960072_000015,UTR202401263940561,881270,0,862553,15862,2855,2024-01-26T10:35:00,Payment settlement for pay_789233_000771
setl_477214_000772,payment,pay_208998_000772,order_315161_000772,batch_960072_000015,UTR202401263940561,65026,0,63646,1170,210,2024-01-26T10:35:00,Payment settlement for pay_208998_000772
setl_350878_000773,payment,pay_162804_000773,order_249289_000773,batch_960072_000015,UTR202401263940561,22193,0,21723,399,71,2024-01-26T10:35:00,Payment settlement for pay_162804_000773
setl_786837_000774,payment,pay_342716_000774,order_986575_000774,batch_960072_000015,UTR202401263940561,467445,0,457517,8414,1514,2024-01-26T10:35:00,Payment settlement for pay_342716_000774
setl_100301_000775,payment,pay_490586_000775,order_580728_000775,batch_960072_000015,UTR202401263940561,86122,0,84293,1550,279,2024-01-26T10:35:00,Payment settlement for pay_490586_000775
setl_265092_000776,payment,pay_629979_000776,order_239999_000776,batch_960072_000015,UTR202401263940561,139232,0,136275,2506,451,2024-01-26T10:35:00,Payment settlement for pay_629979_000776
setl_191061_000777,payment,pay_695403_000777,order_165308_000777,batch_960072_000015,UTR202401263940561,168528,0,164950,3033,545,2024-01-26T10:35:00,Payment settlement for pay_695403_000777
setl_389340_000778,payment,pay_405844_000778,order_373668_000778,batch_960072_000015,UTR202401263940561,61505,0,60199,1107,199,2024-01-26T10:35:00,Payment settlement for pay_405844_000778
setl_917546_000779,payment,pay_972310_000779,order_871073_000779,batch_960072_000015,UTR202401263940561,69343,0,67871,1248,224,2024-01-26T10:35:00,Payment settlement for pay_972310_000779
setl_518836_000780,payment,pay_344959_000780,order_178315_000780,batch_960072_000015,UTR202401263940561,86638,0,84799,1559,280,2024-01-26T10:35:00,Payment settlement for pay_344959_000780
setl_470281_000781,payment,pay_262959_000781,order_210790_000781,batch_960072_000015,UTR202401263940561,344347,0,337034,6198,1115,2024-01-26T10:35:00,Payment settlement for pay_262959_000781
setl_802191_000782,payment,pay_526259_000782,order_226601_000782,batch_960072_000015,UTR202401263940561,37215,0,36426,669,120,2024-01-26T10:35:00,Payment settlement for pay_526259_000782
setl_514337_000783,payment,pay_423284_000783,order_585854_000783,batch_960072_000015,UTR202401263940561,21851,0,21388,393,70,2024-01-26T10:35:00,Payment settlement for pay_423284_000783
setl_525146_000784,payment,pay_946826_000784,order_819380_000784,batch_960072_000015,UTR202401263940561,865364,0,846985,15576,2803,2024-01-26T10:35:00,Payment settlement for pay_946826_000784
setl_714549_000785,payment,pay_142288_000785,order_325465_000785,batch_960072_000015,UTR202401263940561,29441,0,28817,529,95,2024-01-26T10:35:00,Payment settlement for pay_142288_000785
setl_310040_000786,payment,pay_845702_000786,order_360276_000786,batch_960072_000015,UTR202401263940561,369200,0,361359,6645,1196,2024-01-26T10:35:00,Payment settlement for pay_845702_000786
setl_642892_000787,payment,pay_810078_000787,order_413357_000787,batch_960072_000015,UTR202401263940561,14073,0,13775,253,45,2024-01-26T10:35:00,Payment settlement for pay_810078_000787
setl_116112_000788,payment,pay_996114_000788,order_574167_000788,batch_960072_000015,UTR202401263940561,788421,0,771676,14191,2554,2024-01-26T10:35:00,Payment settlement for pay_996114_000788
setl_872722_000789,payment,pay_199326_000789,order_584487_000789,batch_960072_000015,UTR202401263940561,25919,0,25370,466,83,2024-01-26T10:35:00,Payment settlement for pay_199326_000789
setl_837801_000790,payment,pay_164664_000790,order_970708_000790,batch_960072_000015,UTR202401263940561,27133,0,26558,488,87,2024-01-26T10:35:00,Payment settlement for pay_164664_000790
setl_171950_000791,payment,pay_963684_000791,order_520040_000791,batch_960072_000015,UTR202401263940561,830457,0,812819,14948,2690,2024-01-26T10:35:00,Payment settlement for pay_963684_000791
setl_194545_000792,payment,pay_776001_000792,order_188121_000792,batch_960072_000015,UTR202401263940561,235696,0,230691,4242,763,2024-01-26T10:35:00,Payment settlement for pay_776001_000792
setl_676289_000793,payment,pay_952227_000793,order_178629_000793,batch_960072_000015,UTR202401263940561,35919,0,35157,646,116,2024-01-26T10:35:00,Payment settlement for pay_952227_000793
setl_398313_000794,payment,pay_777366_000794,order_564971_000794,batch_960072_000015,UTR202401263940561,22055,0,21588,396,71,2024-01-26T10:35:00,Payment settlement for pay_777366_000794
setl_861411_000795,payment,pay_988432_000795,order_969642_000795,batch_960072_000015,UTR202401263940561,26059,0,25506,469,84,2024-01-26T10:35:00,Payment settlement for pay_988432_000795
setl_970071_000796,payment,pay_583388_000796,order_153097_000796,batch_960072_000015,UTR202401263940561,327098,0,320152,5887,1059,2024-01-26T10:35:00,Payment settlement for pay_583388_000796
setl_686273_000797,payment,pay_859620_000797,order_514186_000797,batch_960072_000015,UTR202401263940561,60165,0,58889,1082,194,2024-01-26T10:35:00,Payment settlement for pay_859620_000797
setl_711248_000798,payment,pay_547389_000798,order_281201_000798,batch_960072_000015,UTR202401263940561,34530,0,33798,621,111,2024-01-26T10:35:00,Payment settlement for pay_547389_000798
setl_465004_000799,payment,pay_393448_000799,order_567676_000799,batch_960072_000015,UTR202401263940561,90492,0,88571,1628,293,2024-01-26T10:35:00,Payment settlement for pay_393448_000799
setl_523579_000800,payment,pay_746947_000800,order_357724_000800,batch_303974_000016,UTR202401278629590,75390,0,73789,1357,244,2024-01-27T19:10:00,Payment settlement for pay_746947_000800
setl_702833_000801,payment,pay_677438_000801,order_602300_000801,batch_303974_000016,UTR202401278629590,46670,0,45679,840,151,2024-01-27T19:10:00,Payment settlement for pay_677438_000801
setl_104877_000802,payment,pay_243902_000802,order_539599_000802,batch_303974_000016,UTR202401278629590,375678,0,367699,6762,1217,2024-01-27T19:10:00,Payment settlement for pay_243902_000802
setl_373791_000803,payment,pay_761393_000803,order_941134_000803,batch_303974_000016,UTR202401278629590,60134,0,58858,1082,194,2024-01-27T19:10:00,Payment settlement for pay_761393_000803
setl_283537_000804,payment,pay_848023_000804,order_476556_000804,batch_303974_000016,UTR202401278629590,354111,0,346591,6373,1147,2024-01-27T19:10:00,Payment settlement for pay_848023_000804
setl_526911_000805,payment,pay_693128_000805,order_626797_000805,batch_303974_000016,UTR202401278629590,45446,0,44481,818,147,2024-01-27T19:10:00,Payment settlement for pay_693128_000805
setl_630829_000806,payment,pay_127329_000806,order_434367_000806,batch_303974_000016,UTR202401278629590,13840,0,13547,249,44,2024-01-27T19:10:00,Payment settlement for pay_127329_000806
setl_211636_000807,payment,pay_950069_000807,order_916356_000807,batch_303974_000016,UTR202401278629590,71824,0,70300,1292,232,2024-01-27T19:10:00,Payment settlement for pay_950069_000807
setl_685766_000808,payment,pay_474795_000808,order_904092_000808,batch_303974_000016,UTR202401278629590,30922,0,30266,556,100,2024-01-27T19:10:00,Payment settlement for pay_474795_000808
setl_175902_000809,payment,pay_359896_000809,order_788772_000809,batch_303974_000016,UTR202401278629590,79951,0,78253,1439,259,2024-01-27T19:10:00,Payment settlement for pay_359896_000809
setl_627611_000810,payment,pay_929672_000810,order_872863_000810,batch_303974_000016,UTR202401278629590,996921,0,975748,17944,3229,2024-01-27T19:10:00,Payment settlement for pay_929672_000810
setl_408545_000811,payment,pay_703656_000811,order_987624_000811,batch_303974_000016,UTR202401278629590,56504,0,55304,1017,183,2024-01-27T19:10:00,Payment settlement for pay_703656_000811
setl_456480_000812,payment,pay_979988_000812,order_986278_000812,batch_303974_000016,UTR202401278629590,41005,0,40135,738,132,2024-01-27T19:10:00,Payment settlement for pay_979988_000812
setl_222692_000813,payment,pay_433451_000813,order_945372_000813,batch_303974_000016,UTR202401278629590,688105,0,673491,12385,2229,2024-01-27T19:10:00,Payment settlement for pay_433451_000813
setl_941945_000814,payment,pay_720298_000814,order_129576_000814,batch_303974_000016,UTR202401278629590,684382,0,669847,12318,2217,2024-01-27T19:10:00,Payment settlement for pay_720298_000814
setl_638220_000815,payment,pay_690984_000815,order_249005_000815,batch_303974_000016,UTR202401278629590,74517,0,72935,1341,241,2024-01-27T19:10:00,Payment settlement for pay_690984_000815
setl_370211_000816,payment,pay_424065_000816,order_284084_000816,batch_303974_000016,UTR202401278629590,21830,0,21368,392,70,2024-01-27T19:10:00,Payment settlement for pay_424065_000816
setl_664032_000817,payment,pay_343923_000817,order_730889_000817,batch_303974_000016,UTR202401278629590,79002,0,77325,1422,255,2024-01-27T19:10:00,Payment settlement for pay_343923_000817
setl_952646_000818,payment,pay_100716_000818,order_447848_000818,batch_303974_000016,UTR202401278629590,27103,0,26529,487,87,2024-01-27T19:10:00,Payment settlement for pay_100716_000818
setl_931928_000819,payment,pay_851763_000819,order_286080_000819,batch_303974_000016,UTR202401278629590,17806,0,17429,320,57,2024-01-27T19:10:00,Payment settlement for pay_851763_000819
setl_702819_000820,payment,pay_254887_000820,order_715104_000820,batch_303974_000016,UTR202401278629590,24538,0,24018,441,79,2024-01-27T19:10:00,Payment settlement for pay_254887_000820
setl_362292_000821,payment,pay_651860_000821,order_482614_000821,batch_303974_000016,UTR202401278629590,96787,0,94732,1742,313,2024-01-27T19:10:00,Payment settlement for pay_651860_000821
setl_827912_000822,payment,pay_714483_000822,order_205939_000822,batch_303974_000016,UTR202401278629590,52284,0,51174,941,169,2024-01-27T19:10:00,Payment settlement for pay_714483_000822
setl_564276_000823,payment,pay_265154_000823,order_867926_000823,batch_303974_000016,UTR202401278629590,355433,0,347885,6397,1151,2024-01-27T19:10:00,Payment settlement for pay_265154_000823
setl_495397_000824,payment,pay_432695_000824,order_282664_000824,batch_303974_000016,UTR202401278629590,463625,0,453778,8345,1502,2024-01-27T19:10:00,Payment settlement for pay_432695_000824
setl_690525_000825,payment,pay_743520_000825,order_925220_000825,batch_303974_000016,UTR202401278629590,97232,0,95167,1750,315,2024-01-27T19:10:00,Payment settlement for pay_743520_000825
setl_607122_000826,payment,pay_954017_000826,order_283869_000826,batch_303974_000016,UTR202401278629590,48602,0,47571,874,157,2024-01-27T19:10:00,Payment settlement for pay_954017_000826
setl_907369_000827,payment,pay_286340_000827,order_864234_000827,batch_303974_000016,UTR202401278629590,997391,0,976207,17953,3231,2024-01-27T19:10:00,Payment settlement for pay_286340_000827
setl_355090_000828,payment,pay_510623_000828,order_992083_000828,batch_303974_000016,UTR202401278629590,116977,0,114494,2105,378,2024-01-27T19:10:00,Payment settlement for pay_510623_000828
setl_894268_000829,payment,pay_731650_000829,order_433674_000829,batch_303974_000016,UTR202401278629590,215812,0,211229,3884,699,2024-01-27T19:10:00,Payment settlement for pay_731650_000829
setl_456160_000830,payment,pay_693022_000830,order_209167_000830,batch_303974_000016,UTR202401278629590,53406,0,52273,961,172,2024-01-27T19:10:00,Payment settlement for pay_693022_000830
setl_913274_000831,payment,pay_181586_000831,order_349556_000831,batch_303974_000016,UTR202401278629590,32005,0,31326,576,103,2024-01-27T19:10:00,Payment settlement for pay_181586_000831
setl_581137_000832,payment,pay_193035_000832,order_961574_000832,batch_303974_000016,UTR202401278629590,835073,0,817337,15031,2705,2024-01-27T19:10:00,Payment settlement for pay_193035_000832
setl_814703_000833,payment,pay_452058_000833,order_568325_000833,batch_303974_000016,UTR202401278629590,37483,0,36688,674,121,2024-01-27T19:10:00,Payment settlement for pay_452058_000833
setl_583100_000834,payment,pay_826847_000834,order_171087_000834,batch_303974_000016,UTR202401278629590,24160,0,23648,434,78,2024-01-27T19:10:00,Payment settlement for pay_826847_000834
setl_715332_000835,payment,pay_101343_000835,order_150486_000835,batch_303974_000016,UTR202401278629590,484085,0,473804,8713,1568,2024-01-27T19:10:00,Payment settlement for pay_101343_000835
setl_128679_000836,payment,pay_274418_000836,order_534130_000836,batch_303974_000016,UTR202401278629590,56036,0,54847,1008,181,2024-01-27T19:10:00,Payment settlement for pay_274418_000836
setl_605382_000837,payment,pay_493580_000837,order_206355_000837,batch_303974_000016,UTR202401278629590,403067,0,394507,7255,1305,2024-01-27T19:10:00,Payment settlement for pay_493580_000837
setl_221916_000838,payment,pay_895075_000838,order_820539_000838,batch_303974_000016,UTR202401278629590,69151,0,67684,1244,223,2024-01-27T19:10:00,Payment settlement for pay_895075_000838
setl_370343_000839,payment,pay_938016_000839,order_986846_000839,batch_303974_000016,UTR202401278629590,12631,0,12364,227,40,2024-01-27T19:10:00,Payment settlement for pay_938016_000839
setl_170835_000840,payment,pay_373812_000840,order_209812_000840,batch_303974_000016,UTR202401278629590,32296,0,31611,581,104,2024-01-27T19:10:00,Payment settlement for pay_373812_000840
setl_501261_000841,payment,pay_493696_000841,order_268720_000841,batch_303974_000016,UTR202401278629590,81702,0,79968,1470,264,2024-01-27T19:10:00,Payment settlement for pay_493696_000841
setl_764442_000842,payment,pay_197627_000842,order_454366_000842,batch_303974_000016,UTR202401278629590,353093,0,345595,6355,1143,2024-01-27T19:10:00,Payment settlement for pay_197627_000842
setl_926965_000843,payment,pay_132498_000843,order_552275_000843,batch_303974_000016,UTR202401278629590,89602,0,87700,1612,290,2024-01-27T19:10:00,Payment settlement for pay_132498_000843
setl_331087_000844,payment,pay_555292_000844,order_264735_000844,batch_303974_000016,UTR202401278629590,53397,0,52264,961,172,2024-01-27T19:10:00,Payment settlement for pay_555292_000844
setl_809794_000845,payment,pay_299212_000845,order_529161_000845,batch_303974_000016,UTR202401278629590,478555,0,468392,8613,1550,2024-01-27T19:10:00,Payment settlement for pay_299212_000845
setl_835236_000846,payment,pay_865433_000846,order_666362_000846,batch_303974_000016,UTR202401278629590,247599,0,242341,4456,802,2024-01-27T19:10:00,Payment settlement for pay_865433_000846
setl_341099_000847,payment,pay_349087_000847,order_200575_000847,batch_303974_000016,UTR202401278629590,399772,0,391282,7195,1295,2024-01-27T19:10:00,Payment settlement for pay_349087_000847
setl_939030_000848,payment,pay_980651_000848,order_614796_000848,batch_303974_000016,UTR202401278629590,57294,0,56078,1031,185,2024-01-27T19:10:00,Payment settlement for pay_980651_000848
setl_431067_000849,payment,pay_548377_000849,order_191884_000849,batch_303974_000016,UTR202401278629590,427727,0,418643,7699,1385,2024-01-27T19:10:00,Payment settlement for pay_548377_000849
setl_360316_000850,payment,pay_603660_000850,order_309374_000850,batch_972600_000017,UTR202401295418274,37125,0,36337,668,120,2024-01-29T09:35:00,Payment settlement for pay_603660_000850
setl_401244_000851,payment,pay_769191_000851,order_405986_000851,batch_972600_000017,UTR202401295418274,160559,0,157149,2890,520,2024-01-29T09:35:00,Payment settlement for pay_769191_000851
setl_197527_000852,payment,pay_923002_000852,order_516774_000852,batch_972600_000017,UTR202401295418274,446575,0,437091,8038,1446,2024-01-29T09:35:00,Payment settlement for pay_923002_000852
setl_518309_000853,payment,pay_195563_000853,order_773045_000853,batch_972600_000017,UTR202401295418274,34232,0,33506,616,110,2024-01-29T09:35:00,Payment settlement for pay_195563_000853
setl_806423_000854,payment,pay_499974_000854,order_487345_000854,batch_972600_000017,UTR202401295418274,123392,0,120772,2221,399,2024-01-29T09:35:00,Payment settlement for pay_499974_000854
setl_885161_000855,payment,pay_561101_000855,order_587648_000855,batch_972600_000017,UTR202401295418274,45200,0,44241,813,146,2024-01-29T09:35:00,Payment settlement for pay_561101_000855
setl_960959_000856,payment,pay_164633_000856,order_258471_000856,batch_972600_000017,UTR202401295418274,849945,0,831893,15299,2753,2024-01-29T09:35:00,Payment settlement for pay_164633_000856
setl_458605_000857,payment,pay_189870_000857,order_800596_000857,batch_972600_000017,UTR202401295418274,317048,0,310315,5706,1027,2024-01-29T09:35:00,Payment settlement for pay_189870_000857
setl_179721_000858,payment,pay_718372_000858,order_338564_000858,batch_972600_000017,UTR202401295418274,60738,0,59449,1093,196,2024-01-29T09:35:00,Payment settlement for pay_718372_000858
setl_681489_000859,payment,pay_647967_000859,order_538967_000859,batch_972600_000017,UTR202401295418274,954502,0,934229,17181,3092,2024-01-29T09:35:00,Payment settlement for pay_647967_000859
setl_287155_000860,payment,pay_597889_000860,order_700534_000860,batch_972600_000017,UTR202401295418274,256684,0,251233,4620,831,2024-01-29T09:35:00,Payment settlement for pay_597889_000860
setl_599704_000861,payment,pay_513982_000861,order_995420_000861,batch_972600_000017,UTR202401295418274,75811,0,74202,1364,245,2024-01-29T09:35:00,Payment settlement for pay_513982_000861
setl_429119_000862,payment,pay_641922_000862,order_939333_000862,batch_972600_000017,UTR202401295418274,825201,0,807675,14853,2673,2024-01-29T09:35:00,Payment settlement for pay_641922_000862
setl_470711_000863,payment,pay_226124_000863,order_893969_000863,batch_972600_000017,UTR202401295418274,31910,0,31233,574,103,2024-01-29T09:35:00,Payment settlement for pay_226124_000863
setl_329183_000864,payment,pay_947732_000864,order_302087_000864,batch_972600_000017,UTR202401295418274,65492,0,64102,1178,212,2024-01-29T09:35:00,Payment settlement for pay_947732_000864
setl_701581_000865,payment,pay_816308_000865,order_556542_000865,batch_972600_000017,UTR202401295418274,177530,0,173760,3195,575,2024-01-29T09:35:00,Payment settlement for pay_816308_000865
setl_382146_000866,payment,pay_723952_000866,order_370413_000866,batch_972600_000017,UTR202401295418274,979290,0,958491,17627,3172,2024-01-29T09:35:00,Payment settlement for pay_723952_000866
setl_291663_000867,payment,pay_170267_000867,order_191254_000867,batch_972600_000017,UTR202401295418274,308328,0,301781,5549,998,2024-01-29T09:35:00,Payment settlement for pay_170267_000867
setl_882401_000868,payment,pay_441968_000868,order_998235_000868,batch_972600_000017,UTR202401295418274,340206,0,332981,6123,1102,2024-01-29T09:35:00,Payment settlement for pay_441968_000868
setl_816289_000869,payment,pay_112964_000869,order_924758_000869,batch_972600_000017,UTR202401295418274,408059,0,399392,7345,1322,2024-01-29T09:35:00,Payment settlement for pay_112964_000869
setl_299405_000870,payment,pay_919656_000870,order_539976_000870,batch_972600_000017,UTR202401295418274,178455,0,174665,3212,578,2024-01-29T09:35:00,Payment settlement for pay_919656_000870
setl_623238_000871,payment,pay_694116_000871,order_716493_000871,batch_972600_000017,UTR202401295418274,992647,0,971564,17867,3216,2024-01-29T09:35:00,Payment settlement for pay_694116_000871
setl_872918_000872,payment,pay_210766_000872,order_690016_000872,batch_972600_000017,UTR202401295418274,47498,0,46491,854,153,2024-01-29T09:35:00,Payment settlement for pay_210766_000872
setl_309365_000873,payment,pay_661652_000873,order_460572_000873,batch_972600_000017,UTR202401295418274,60206,0,58929,1083,194,2024-01-29T09:35:00,Payment settlement for pay_661652_000873
setl_346269_000874,payment,pay_609172_000874,order_699809_000874,batch_972600_000017,UTR202401295418274,119642,0,117102,2153,387,2024-01-29T09:35:00,Payment settlement for pay_609172_000874
setl_871153_000875,payment,pay_388792_000875,order_522548_000875,batch_972600_000017,UTR202401295418274,419110,0,410210,7543,1357,2024-01-29T09:35:00,Payment settlement for pay_388792_000875
setl_353814_000876,payment,pay_827356_000876,order_521233_000876,batch_972600_000017,UTR202401295418274,273798,0,267983,4928,887,2024-01-29T09:35:00,Payment settlement for pay_827356_000876
setl_378297_000877,payment,pay_349119_000877,order_151685_000877,batch_972600_000017,UTR202401295418274,240815,0,235701,4334,780,2024-01-29T09:35:00,Payment settlement for pay_349119_000877
setl_316823_000878,payment,pay_490532_000878,order_121215_000878,batch_972600_000017,UTR202401295418274,50756,0,49679,913,164,2024-01-29T09:35:00,Payment settlement for pay_490532_000878
setl_340341_000879,payment,pay_983788_000879,order_615500_000879,batch_972600_000017,UTR202401295418274,859059,0,840813,15463,2783,2024-01-29T09:35:00,Payment settlement for pay_983788_000879
setl_312616_000880,payment,pay_339030_000880,order_240913_000880,batch_972600_000017,UTR202401295418274,732317,0,716764,13181,2372,2024-01-29T09:35:00,Payment settlement for pay_339030_000880
setl_975498_000881,payment,pay_965938_000881,order_436454_000881,batch_972600_000017,UTR202401295418274,718508,0,703248,12933,2327,2024-01-29T09:35:00,Payment settlement for pay_965938_000881
setl_361824_000882,payment,pay_776913_000882,order_193624_000882,batch_972600_000017,UTR202401295418274,210829,0,206353,3794,682,2024-01-29T09:35:00,Payment settlement for pay_776913_000882
setl_976960_000883,payment,pay_963994_000883,order_526949_000883,batch_972600_000017,UTR202401295418274,498193,0,487612,8967,1614,2024-01-29T09:35:00,Payment settlement for pay_963994_000883
setl_748645_000884,payment,pay_492073_000884,order_960899_000884,batch_972600_000017,UTR202401295418274,183347,0,179453,3300,594,2024-01-29T09:35:00,Payment settlement for pay_492073_000884
setl_473321_000885,payment,pay_426236_000885,order_844037_000885,batch_972600_000017,UTR202401295418274,171119,0,167485,3080,554,2024-01-29T09:35:00,Payment settlement for pay_426236_000885
setl_263573_000886,payment,pay_992647_000886,order_649753_000886,batch_972600_000017,UTR202401295418274,32772,0,32077,589,106,2024-01-29T09:35:00,Payment settlement for pay_992647_000886
setl_916776_000887,payment,pay_973390_000887,order_310477_000887,batch_972600_000017,UTR202401295418274,42701,0,41795,768,138,2024-01-29T09:35:00,Payment settlement for pay_973390_000887
setl_211871_000888,payment,pay_578621_000888,order_153015_000888,batch_972600_000017,UTR202401295418274,604390,0,591553,10879,1958,2024-01-29T09:35:00,Payment settlement for pay_578621_000888
setl_225701_000889,payment,pay_486244_000889,order_963508_000889,batch_972600_000017,UTR202401295418274,308112,0,301568,5546,998,2024-01-29T09:35:00,Payment settlement for pay_486244_000889
setl_182300_000890,payment,pay_229890_000890,order_814263_000890,batch_972600_000017,UTR202401295418274,58819,0,57571,1058,190,2024-01-29T09:35:00,Payment settlement for pay_229890_000890
setl_808640_000891,payment,pay_722899_000891,order_567773_000891,batch_972600_000017,UTR202401295418274,407694,0,399036,7338,1320,2024-01-29T09:35:00,Payment settlement for pay_722899_000891
setl_795650_000892,payment,pay_466749_000892,order_460971_000892,batch_972600_000017,UTR202401295418274,21847,0,21384,393,70,2024-01-29T09:35:00,Payment settlement for pay_466749_000892
setl_616596_000893,payment,pay_128783_000893,order_505343_000893,batch_972600_000017,UTR202401295418274,85007,0,83202,1530,275,2024-01-29T09:35:00,Payment settlement for pay_128783_000893
setl_743644_000894,payment,pay_324729_000894,order_998746_000894,batch_972600_000017,UTR202401295418274,218023,0,213393,3924,706,2024-01-29T09:35:00,Payment settlement for pay_324729_000894
setl_106945_000895,payment,pay_316773_000895,order_382154_000895,batch_972600_000017,UTR202401295418274,369107,0,361269,6643,1195,2024-01-29T09:35:00,Payment settlement for pay_316773_000895
setl_901368_000896,payment,pay_918207_000896,order_904858_000896,batch_972600_000017,UTR202401295418274,72140,0,70609,1298,233,2024-01-29T09:35:00,Payment settlement for pay_918207_000896
setl_998723_000897,payment,pay_238741_000897,order_778818_000897,batch_972600_000017,UTR202401295418274,104437,0,102220,1879,338,2024-01-29T09:35:00,Payment settlement for pay_238741_000897
setl_667776_000898,payment,pay_364650_000898,order_737894_000898,batch_972600_000017,UTR202401295418274,94245,0,92244,1696,305,2024-01-29T09:35:00,Payment settlement for pay_364650_000898
setl_144316_000899,payment,pay_544393_000899,order_494763_000899,batch_972600_000017,UTR202401295418274,70161,0,68672,1262,227,2024-01-29T09:35:00,Payment settlement for pay_544393_000899
setl_702427_000900,payment,pay_328808_000900,order_589368_000900,batch_430738_000018,UTR202401319260100,772964,0,756547,13913,2504,2024-01-31T19:25:00,Payment settlement for pay_328808_000900
setl_388078_000901,payment,pay_753898_000901,order_516444_000901,batch_430738_000018,UTR202401319260100,10963,0,10731,197,35,2024-01-31T19:25:00,Payment settlement for pay_753898_000901
setl_614646_000902,payment,pay_794530_000902,order_984247_000902,batch_430738_000018,UTR202401319260100,83591,0,81817,1504,270,2024-01-31T19:25:00,Payment settlement for pay_794530_000902
setl_291755_000903,payment,pay_722615_000903,order_738635_000903,batch_430738_000018,UTR202401319260100,99707,0,97591,1794,322,2024-01-31T19:25:00,Payment settlement for pay_722615_000903
setl_901387_000904,payment,pay_605139_000904,order_166938_000904,batch_430738_000018,UTR202401319260100,93964,0,91969,1691,304,2024-01-31T19:25:00,Payment settlement for pay_605139_000904
setl_635962_000905,payment,pay_390334_000905,order_373832_000905,batch_430738_000018,UTR202401319260100,999220,0,977998,17985,3237,2024-01-31T19:25:00,Payment settlement for pay_390334_000905
setl_393880_000906,payment,pay_783112_000906,order_413305_000906,batch_430738_000018,UTR202401319260100,77802,0,76150,1400,252,2024-01-31T19:25:00,Payment settlement for pay_783112_000906
setl_517206_000907,payment,pay_351974_000907,order_159532_000907,batch_430738_000018,UTR202401319260100,311863,0,305240,5613,1010,2024-01-31T19:25:00,Payment settlement for pay_351974_000907
setl_332881_000908,payment,pay_435109_000908,order_813824_000908,batch_430738_000018,UTR202401319260100,513345,0,502442,9240,1663,2024-01-31T19:25:00,Payment settlement for pay_435109_000908
setl_886609_000909,payment,pay_621533_000909,order_409963_000909,batch_430738_000018,UTR202401319260100,312126,0,305497,5618,1011,2024-01-31T19:25:00,Payment settlement for pay_621533_000909
setl_704677_000910,payment,pay_872519_000910,order_137034_000910,batch_430738_000018,UTR202401319260100,799914,0,782925,14398,2591,2024-01-31T19:25:00,Payment settlement for pay_872519_000910
setl_234475_000911,payment,pay_299140_000911,order_459836_000911,batch_430738_000018,UTR202401319260100,616582,0,603487,11098,1997,2024-01-31T19:25:00,Payment settlement for pay_299140_000911
setl_156778_000912,payment,pay_660605_000912,order_769320_000912,batch_430738_000018,UTR202401319260100,452252,0,442647,8140,1465,2024-01-31T19:25:00,Payment settlement for pay_660605_000912
setl_651273_000913,payment,pay_631958_000913,order_414777_000913,batch_430738_000018,UTR202401319260100,96194,0,94152,1731,311,2024-01-31T19:25:00,Payment settlement for pay_631958_000913
setl_938095_000914,payment,pay_685365_000914,order_289934_000914,batch_430738_000018,UTR202401319260100,71706,0,70184,1290,232,2024-01-31T19:25:00,Payment settlement for pay_685365_000914
setl_543732_000915,payment,pay_876909_000915,order_371216_000915,batch_430738_000018,UTR202401319260100,499988,0,489370,8999,1619,2024-01-31T19:25:00,Payment settlement for pay_876909_000915
setl_601554_000916,payment,pay_291961_000916,order_812730_000916,batch_430738_000018,UTR202401319260100,146818,0,143701,2642,475,2024-01-31T19:25:00,Payment settlement for pay_291961_000916
setl_667036_000917,payment,pay_472541_000917,order_334176_000917,batch_430738_000018,UTR202401319260100,65112,0,63730,1172,210,2024-01-31T19:25:00,Payment settlement for pay_472541_000917
setl_134144_000918,payment,pay_447411_000918,order_489737_000918,batch_430738_000018,UTR202401319260100,254167,0,248769,4575,823,2024-01-31T19:25:00,Payment settlement for pay_447411_000918
setl_626883_000919,payment,pay_992562_000919,order_223502_000919,batch_430738_000018,UTR202401319260100,93151,0,91174,1676,301,2024-01-31T19:25:00,Payment settlement for pay_992562_000919
setl_464158_000920,payment,pay_708502_000920,order_750803_000920,batch_430738_000018,UTR202401319260100,201996,0,197707,3635,654,2024-01-31T19:25:00,Payment settlement for pay_708502_000920
setl_512842_000921,payment,pay_225636_000921,order_813763_000921,batch_430738_000018,UTR202401319260100,256424,0,250979,4615,830,2024-01-31T19:25:00,Payment settlement for pay_225636_000921
setl_819678_000922,payment,pay_156688_000922,order_995735_000922,batch_430738_000018,UTR202401319260100,36253,0,35484,652,117,2024-01-31T19:25:00,Payment settlement for pay_156688_000922
setl_913594_000923,payment,pay_529068_000923,order_697062_000923,batch_430738_000018,UTR202401319260100,51469,0,50377,926,166,2024-01-31T19:25:00,Payment settlement for pay_529068_000923
setl_283291_000924,payment,pay_850432_000924,order_289117_000924,batch_430738_000018,UTR202401319260100,73908,0,72339,1330,239,2024-01-31T19:25:00,Payment settlement for pay_850432_000924
setl_579404_000925,payment,pay_761685_000925,order_285413_000925,batch_430738_000018,UTR202401319260100,130415,0,127646,2347,422,2024-01-31T19:25:00,Payment settlement for pay_761685_000925
setl_226215_000926,payment,pay_574012_000926,order_386814_000926,batch_430738_000018,UTR202401319260100,905558,0,886324,16300,2934,2024-01-31T19:25:00,Payment settlement for pay_574012_000926
setl_832162_000927,payment,pay_704272_000927,order_901619_000927,batch_430738_000018,UTR202401319260100,146159,0,143056,2630,473,2024-01-31T19:25:00,Payment settlement for pay_704272_000927
setl_643377_000928,payment,pay_744328_000928,order_554779_000928,batch_430738_000018,UTR202401319260100,311494,0,304879,5606,1009,2024-01-31T19:25:00,Payment settlement for pay_744328_000928
setl_582418_000929,payment,pay_600590_000929,order_501936_000929,batch_430738_000018,UTR202401319260100,79963,0,78265,1439,259,2024-01-31T19:25:00,Payment settlement for pay_600590_000929
setl_430984_000930,payment,pay_866151_000930,order_491225_000930,batch_430738_000018,UTR202401319260100,79603,0,77914,1432,257,2024-01-31T19:25:00,Payment settlement for pay_866151_000930
setl_822689_000931,payment,pay_118786_000931,order_809621_000931,batch_430738_000018,UTR202401319260100,484619,0,474326,8723,1570,2024-01-31T19:25:00,Payment settlement for pay_118786_000931
setl_108827_000932,payment,pay_337256_000932,order_827213_000932,batch_430738_000018,UTR202401319260100,26899,0,26328,484,87,2024-01-31T19:25:00,Payment settlement for pay_337256_000932
setl_112394_000933,payment,pay_502181_000933,order_627786_000933,batch_430738_000018,UTR202401319260100,31891,0,31214,574,103,2024-01-31T19:25:00,Payment settlement for pay_502181_000933
setl_806848_000934,payment,pay_963862_000934,order_147939_000934,batch_430738_000018,UTR202401319260100,69759,0,68279,1255,225,2024-01-31T19:25:00,Payment settlement for pay_963862_000934
setl_320989_000935,payment,pay_645561_000935,order_725339_000935,batch_430738_000018,UTR202401319260100,66841,0,65422,1203,216,2024-01-31T19:25:00,Payment settlement for pay_645561_000935
setl_497859_000936,payment,pay_820141_000936,order_240288_000936,batch_430738_000018,UTR202401319260100,288350,0,282226,5190,934,2024-01-31T19:25:00,Payment settlement for pay_820141_000936
setl_709231_000937,payment,pay_297579_000937,order_272892_000937,batch_430738_000018,UTR202401319260100,110026,0,107690,1980,356,2024-01-31T19:25:00,Payment settlement for pay_297579_000937
setl_205641_000938,payment,pay_335217_000938,order_862491_000938,batch_430738_000018,UTR202401319260100,12872,0,12600,231,41,2024-01-31T19:25:00,Payment settlement for pay_335217_000938
setl_441244_000939,payment,pay_629146_000939,order_277193_000939,batch_430738_000018,UTR202401319260100,95267,0,93245,1714,308,2024-01-31T19:25:00,Payment settlement for pay_629146_000939
setl_479167_000940,payment,pay_139178_000940,order_493417_000940,batch_430738_000018,UTR202401319260100,80088,0,78388,1441,259,2024-01-31T19:25:00,Payment settlement for pay_139178_000940
setl_742544_000941,payment,pay_150947_000941,order_722774_000941,batch_430738_000018,UTR202401319260100,156682,0,153355,2820,507,2024-01-31T19:25:00,Payment settlement for pay_150947_000941
setl_372315_000942,payment,pay_976735_000942,order_120700_000942,batch_430738_000018,UTR202401319260100,560707,0,548799,10092,1816,2024-01-31T19:25:00,Payment settlement for pay_976735_000942
setl_296243_000943,payment,pay_565897_000943,order_498724_000943,batch_430738_000018,UTR202401319260100,232507,0,227569,4185,753,2024-01-31T19:25:00,Payment settlement for pay_565897_000943
setl_675210_000944,payment,pay_835962_000944,order_260565_000944,batch_430738_000018,UTR202401319260100,859525,0,841270,15471,2784,2024-01-31T19:25:00,Payment settlement for pay_835962_000944
setl_375617_000945,payment,pay_109756_000945,order_415743_000945,batch_430738_000018,UTR202401319260100,152942,0,149695,2752,495,2024-01-31T19:25:00,Payment settlement for pay_109756_000945
setl_348658_000946,payment,pay_645583_000946,order_383091_000946,batch_430738_000018,UTR202401319260100,467382,0,457456,8412,1514,2024-01-31T19:25:00,Payment settlement for pay_645583_000946
setl_382495_000947,payment,pay_539170_000947,order_971002_000947,batch_430738_000018,UTR202401319260100,476840,0,466713,8583,1544,2024-01-31T19:25:00,Payment settlement for pay_539170_000947
setl_594241_000948,payment,pay_223453_000948,order_396439_000948,batch_430738_000018,UTR202401319260100,75239,0,73642,1354,243,2024-01-31T19:25:00,Payment settlement for pay_223453_000948
setl_742865_000949,payment,pay_738584_000949,order_309452_000949,batch_430738_000018,UTR202401319260100,78569,0,76901,1414,254,2024-01-31T19:25:00,Payment settlement for pay_738584_000949
setl_539450_000950,payment,pay_475308_000950,order_837606_000950,batch_544536_000019,UTR202402014532148,31020,0,30362,558,100,2024-02-01T06:10:00,Payment settlement for pay_475308_000950
setl_834750_000951,payment,pay_674765_000951,order_620465_000951,batch_544536_000019,UTR202402014532148,989225,0,968214,17806,3205,2024-02-01T06:10:00,Payment settlement for pay_674765_000951
setl_888734_000952,payment,pay_446663_000952,order_345896_000952,batch_544536_000019,UTR202402014532148,98032,0,95951,1764,317,2024-02-01T06:10:00,Payment settlement for pay_446663_000952
setl_490394_000953,payment,pay_215795_000953,order_975804_000953,batch_544536_000019,UTR202402014532148,759052,0,742931,13662,2459,2024-02-01T06:10:00,Payment settlement for pay_215795_000953
setl_482812_000954,payment,pay_194458_000954,order_917392_000954,batch_544536_000019,UTR202402014532148,23276,0,22783,418,75,2024-02-01T06:10:00,Payment settlement for pay_194458_000954
setl_995825_000955,payment,pay_368322_000955,order_775636_000955,batch_544536_000019,UTR202402014532148,255200,0,249781,4593,826,2024-02-01T06:10:00,Payment settlement for pay_368322_000955
setl_520051_000956,payment,pay_586830_000956,order_152512_000956,batch_544536_000019,UTR202402014532148,15170,0,14848,273,49,2024-02-01T06:10:00,Payment settlement for pay_586830_000956
setl_393212_000957,payment,pay_404681_000957,order_477712_000957,batch_544536_000019,UTR202402014532148,663948,0,649846,11951,2151,2024-02-01T06:10:00,Payment settlement for pay_404681_000957
setl_572623_000958,payment,pay_874415_000958,order_221531_000958,batch_544536_000019,UTR202402014532148,966769,0,946236,17401,3132,2024-02-01T06:10:00,Payment settlement for pay_874415_000958
setl_288627_000959,payment,pay_110142_000959,order_993385_000959,batch_544536_000019,UTR202402014532148,439318,0,429988,7907,1423,2024-02-01T06:10:00,Payment settlement for pay_110142_000959
setl_699166_000960,payment,pay_444625_000960,order_474894_000960,batch_544536_000019,UTR202402014532148,240671,0,235560,4332,779,2024-02-01T06:10:00,Payment settlement for pay_444625_000960
setl_237509_000961,payment,pay_868677_000961,order_197466_000961,batch_544536_000019,UTR202402014532148,33969,0,33249,611,109,2024-02-01T06:10:00,Payment settlement for pay_868677_000961
setl_703867_000962,payment,pay_520245_000962,order_519692_000962,batch_544536_000019,UTR202402014532148,60556,0,59270,1090,196,2024-02-01T06:10:00,Payment settlement for pay_520245_000962
setl_819335_000963,payment,pay_991993_000963,order_601476_000963,batch_544536_000019,UTR202402014532148,440182,0,430833,7923,1426,2024-02-01T06:10:00,Payment settlement for pay_991993_000963
setl_339669_000964,payment,pay_935620_000964,order_274880_000964,batch_544536_000019,UTR202402014532148,17686,0,17311,318,57,2024-02-01T06:10:00,Payment settlement for pay_935620_000964
setl_953740_000965,payment,pay_985364_000965,order_267138_000965,batch_544536_000019,UTR202402014532148,409723,0,401021,7375,1327,2024-02-01T06:10:00,Payment settlement for pay_985364_000965
setl_204721_000966,payment,pay_941235_000966,order_696580_000966,batch_544536_000019,UTR202402014532148,195032,0,190891,3510,631,2024-02-01T06:10:00,Payment settlement for pay_941235_000966
setl_855829_000967,payment,pay_498197_000967,order_917012_000967,batch_544536_000019,UTR202402014532148,115108,0,112665,2071,372,2024-02-01T06:10:00,Payment settlement for pay_498197_000967
setl_383062_000968,payment,pay_817712_000968,order_979269_000968,batch_544536_000019,UTR202402014532148,73318,0,71762,1319,237,2024-02-01T06:10:00,Payment settlement for pay_817712_000968
setl_943146_000969,payment,pay_611833_000969,order_218423_000969,batch_544536_000019,UTR202402014532148,124102,0,121468,2233,401,2024-02-01T06:10:00,Payment settlement for pay_611833_000969
setl_347259_000970,payment,pay_374320_000970,order_786789_000970,batch_544536_000019,UTR202402014532148,98857,0,96758,1779,320,2024-02-01T06:10:00,Payment settlement for pay_374320_000970
setl_682316_000971,payment,pay_904812_000971,order_879746_000971,batch_544536_000019,UTR202402014532148,796229,0,779318,14332,2579,2024-02-01T06:10:00,Payment settlement for pay_904812_000971
setl_553214_000972,payment,pay_802382_000972,order_454733_000972,batch_544536_000019,UTR202402014532148,460836,0,451048,8295,1493,2024-02-01T06:10:00,Payment settlement for pay_802382_000972
setl_997904_000973,payment,pay_748270_000973,order_199868_000973,batch_544536_000019,UTR202402014532148,480974,0,470759,8657,1558,2024-02-01T06:10:00,Payment settlement for pay_748270_000973
setl_499385_000974,payment,pay_605339_000974,order_462544_000974,batch_544536_000019,UTR202402014532148,836280,0,818518,15053,2709,2024-02-01T06:10:00,Payment settlement for pay_605339_000974
setl_305587_000975,payment,pay_255875_000975,order_979789_000975,batch_544536_000019,UTR202402014532148,421343,0,412394,7584,1365,2024-02-01T06:10:00,Payment settlement for pay_255875_000975
setl_252928_000976,payment,pay_112210_000976,order_774652_000976,batch_544536_000019,UTR202402014532148,346042,0,338693,6228,1121,2024-02-01T06:10:00,Payment settlement for pay_112210_000976
setl_938900_000977,payment,pay_619920_000977,order_273438_000977,batch_544536_000019,UTR202402014532148,757765,0,741671,13639,2455,2024-02-01T06:10:00,Payment settlement for pay_619920_000977
setl_874417_000978,payment,pay_352593_000978,order_446968_000978,batch_544536_000019,UTR202402014532148,76444,0,74822,1375,247,2024-02-01T06:10:00,Payment settlement for pay_352593_000978
setl_256812_000979,payment,pay_677236_000979,order_774567_000979,batch_544536_000019,UTR202402014532148,223207,0,218467,4017,723,2024-02-01T06:10:00,Payment settlement for pay_677236_000979
setl_595962_000980,payment,pay_581395_000980,order_565765_000980,batch_544536_000019,UTR202402014532148,334932,0,327819,6028,1085,2024-02-01T06:10:00,Payment settlement for pay_581395_000980
setl_944804_000981,payment,pay_998198_000981,order_622669_000981,batch_544536_000019,UTR202402014532148,25559,0,25017,460,82,2024-02-01T06:10:00,Payment settlement for pay_998198_000981
setl_110215_000982,payment,pay_881439_000982,order_785111_000982,batch_544536_000019,UTR202402014532148,62879,0,61545,1131,203,2024-02-01T06:10:00,Payment settlement for pay_881439_000982
setl_285186_000983,payment,pay_137572_000983,order_684194_000983,batch_544536_000019,UTR202402014532148,21913,0,21449,394,70,2024-02-01T06:10:00,Payment settlement for pay_137572_000983
setl_541996_000984,payment,pay_733553_000984,order_749137_000984,batch_544536_000019,UTR202402014532148,76628,0,75001,1379,248,2024-02-01T06:10:00,Payment settlement for pay_733553_000984
setl_623866_000985,payment,pay_316899_000985,order_786393_000985,batch_544536_000019,UTR202402014532148,278705,0,272787,5016,902,2024-02-01T06:10:00,Payment settlement for pay_316899_000985
setl_241003_000986,payment,pay_965401_000986,order_156911_000986,batch_544536_000019,UTR202402014532148,69566,0,68089,1252,225,2024-02-01T06:10:00,Payment settlement for pay_965401_000986
setl_990649_000987,payment,pay_687360_000987,order_904694_000987,batch_544536_000019,UTR202402014532148,348058,0,340666,6265,1127,2024-02-01T06:10:00,Payment settlement for pay_687360_000987
setl_761286_000988,payment,pay_789089_000988,order_480941_000988,batch_544536_000019,UTR202402014532148,159781,0,156388,2876,517,2024-02-01T06:10:00,Payment settlement for pay_789089_000988
setl_642121_000989,payment,pay_896204_000989,order_790917_000989,batch_544536_000019,UTR202402014532148,54742,0,53580,985,177,2024-02-01T06:10:00,Payment settlement for pay_896204_000989
setl_659921_000990,payment,pay_970196_000990,order_764441_000990,batch_544536_000019,UTR202402014532148,81786,0,80050,1472,264,2024-02-01T06:10:00,Payment settlement for pay_970196_000990
setl_855562_000991,payment,pay_492052_000991,order_836201_000991,batch_544536_000019,UTR202402014532148,31516,0,30847,567,102,2024-02-01T06:10:00,Payment settlement for pay_492052_000991
setl_431064_000992,payment,pay_247271_000992,order_961760_000992,batch_544536_000019,UTR202402014532148,878304,0,859650,15809,2845,2024-02-01T06:10:00,Payment settlement for pay_247271_000992
setl_923481_000993,payment,pay_212157_000993,order_366641_000993,batch_544536_000019,UTR202402014532148,34581,0,33848,622,111,2024-02-01T06:10:00,Payment settlement for pay_212157_000993
setl_610258_000994,payment,pay_993590_000994,order_511981_000994,batch_544536_000019,UTR202402014532148,199918,0,195673,3598,647,2024-02-01T06:10:00,Payment settlement for pay_993590_000994
setl_414608_000995,payment,pay_454349_000995,order_213000_000995,batch_544536_000019,UTR202402014532148,124379,0,121739,2238,402,2024-02-01T06:10:00,Payment settlement for pay_454349_000995
setl_363165_000996,payment,pay_764000_000996,order_978146_000996,batch_544536_000019,UTR202402014532148,164602,0,161107,2962,533,2024-02-01T06:10:00,Payment settlement for pay_764000_000996
setl_689444_000997,payment,pay_572388_000997,order_579605_000997,batch_544536_000019,UTR202402014532148,364344,0,356606,6558,1180,2024-02-01T06:10:00,Payment settlement for pay_572388_000997
setl_695417_000998,payment,pay_623059_000998,order_104548_000998,batch_544536_000019,UTR202402014532148,525465,0,514305,9458,1702,2024-02-01T06:10:00,Payment settlement for pay_623059_000998
setl_150026_000999,payment,pay_553834_000999,order_979562_000999,batch_544536_000019,UTR202402014532148,366512,0,358728,6597,1187,2024-02-01T06:10:00,Payment settlement for pay_553834_000999
